mysqldump: [Warning] Using a password on the command line interface can be insecure.
Warning: A partial dump from a server that has GTIDs will by default include the GTIDs of all transactions, even those that changed suppressed parts of the database. If you don't want to restore GTIDs, pass --set-gtid-purged=OFF. To make a complete dump, pass --all-databases --triggers --routines --events. 
Warning: A dump from a server that has GTIDs enabled will by default include the GTIDs of all transactions, even those that were executed during its extraction and might not be represented in the dumped data. This might result in an inconsistent data dump. 
In order to ensure a consistent backup of the database, pass --single-transaction or --lock-all-tables or --master-data. 
-- MySQL dump 10.13  Distrib 8.0.44, for Linux (x86_64)
--
-- Host: mysql-37567e14-timmid999-45da.b.aivencloud.com    Database: c2hackathon
-- ------------------------------------------------------
-- Server version	8.0.35

/*!40101 SET @OLD_CHARACTER_SET_CLIENT=@@CHARACTER_SET_CLIENT */;
/*!40101 SET @OLD_CHARACTER_SET_RESULTS=@@CHARACTER_SET_RESULTS */;
/*!40101 SET @OLD_COLLATION_CONNECTION=@@COLLATION_CONNECTION */;
/*!50503 SET NAMES utf8mb4 */;
/*!40103 SET @OLD_TIME_ZONE=@@TIME_ZONE */;
/*!40103 SET TIME_ZONE='+00:00' */;
/*!40014 SET @OLD_UNIQUE_CHECKS=@@UNIQUE_CHECKS, UNIQUE_CHECKS=0 */;
/*!40014 SET @OLD_FOREIGN_KEY_CHECKS=@@FOREIGN_KEY_CHECKS, FOREIGN_KEY_CHECKS=0 */;
/*!40101 SET @OLD_SQL_MODE=@@SQL_MODE, SQL_MODE='NO_AUTO_VALUE_ON_ZERO' */;
/*!40111 SET @OLD_SQL_NOTES=@@SQL_NOTES, SQL_NOTES=0 */;
SET @MYSQLDUMP_TEMP_LOG_BIN = @@SESSION.SQL_LOG_BIN;
SET @@SESSION.SQL_LOG_BIN= 0;

--
-- GTID state at the beginning of the backup 
--

SET @@GLOBAL.GTID_PURGED=/*!80000 '+'*/ '5c37270b-0515-11f0-b74e-0e2c829bb64e:1-2924,
6993fb6c-6a7d-11f0-8924-862ccfb074ae:1-16,
8dc26e96-c775-11f0-ba24-862ccfb06731:1-2658,
94d69e7e-634c-11f0-8109-862ccfb066c8:1-15,
bf45f44d-ac9d-11f0-936b-862ccfb07f1b:1-15,
de45bfe2-4409-11f0-b42d-862ccfb01aa4:1-154,
f228457a-e385-11ef-be03-6aea6bb38ce6:1-334';

--
-- Table structure for table `class_members`
--

DROP TABLE IF EXISTS `class_members`;
/*!40101 SET @saved_cs_client     = @@character_set_client */;
/*!50503 SET character_set_client = utf8mb4 */;
CREATE TABLE `class_members` (
  `class_id` varchar(255) NOT NULL,
  `user_id` varchar(255) NOT NULL,
  PRIMARY KEY (`class_id`,`user_id`),
  KEY `user_id` (`user_id`),
  CONSTRAINT `class_members_ibfk_1` FOREIGN KEY (`class_id`) REFERENCES `classes` (`id`) ON DELETE CASCADE,
  CONSTRAINT `class_members_ibfk_2` FOREIGN KEY (`user_id`) REFERENCES `users` (`canvas_user_id`) ON DELETE CASCADE
) ENGINE=InnoDB DEFAULT CHARSET=utf8mb4 COLLATE=utf8mb4_0900_ai_ci;
/*!40101 SET character_set_client = @saved_cs_client */;

--
-- Dumping data for table `class_members`
--

LOCK TABLES `class_members` WRITE;
/*!40000 ALTER TABLE `class_members` DISABLE KEYS */;
/*!40000 ALTER TABLE `class_members` ENABLE KEYS */;
UNLOCK TABLES;

--
-- Table structure for table `classes`
--

DROP TABLE IF EXISTS `classes`;
/*!40101 SET @saved_cs_client     = @@character_set_client */;
/*!50503 SET character_set_client = utf8mb4 */;
CREATE TABLE `classes` (
  `id` varchar(255) NOT NULL,
  `name` varchar(255) NOT NULL,
  `created_at` timestamp NULL DEFAULT CURRENT_TIMESTAMP,
  PRIMARY KEY (`id`)
) ENGINE=InnoDB DEFAULT CHARSET=utf8mb4 COLLATE=utf8mb4_0900_ai_ci;
/*!40101 SET character_set_client = @saved_cs_client */;

--
-- Dumping data for table `classes`
--

LOCK TABLES `classes` WRITE;
/*!40000 ALTER TABLE `classes` DISABLE KEYS */;
/*!40000 ALTER TABLE `classes` ENABLE KEYS */;
UNLOCK TABLES;

--
-- Table structure for table `club_members`
--

DROP TABLE IF EXISTS `club_members`;
/*!40101 SET @saved_cs_client     = @@character_set_client */;
/*!50503 SET character_set_client = utf8mb4 */;
CREATE TABLE `club_members` (
  `club_id` int NOT NULL,
  `user_id` varchar(255) NOT NULL,
  `role` varchar(50) DEFAULT 'member',
  PRIMARY KEY (`club_id`,`user_id`),
  KEY `user_id` (`user_id`),
  CONSTRAINT `club_members_ibfk_1` FOREIGN KEY (`club_id`) REFERENCES `clubs` (`id`) ON DELETE CASCADE,
  CONSTRAINT `club_members_ibfk_2` FOREIGN KEY (`user_id`) REFERENCES `users` (`canvas_user_id`) ON DELETE CASCADE
) ENGINE=InnoDB DEFAULT CHARSET=utf8mb4 COLLATE=utf8mb4_0900_ai_ci;
/*!40101 SET character_set_client = @saved_cs_client */;

--
-- Dumping data for table `club_members`
--

LOCK TABLES `club_members` WRITE;
/*!40000 ALTER TABLE `club_members` DISABLE KEYS */;
/*!40000 ALTER TABLE `club_members` ENABLE KEYS */;
UNLOCK TABLES;

--
-- Table structure for table `clubs`
--

DROP TABLE IF EXISTS `clubs`;
/*!40101 SET @saved_cs_client     = @@character_set_client */;
/*!50503 SET character_set_client = utf8mb4 */;
CREATE TABLE `clubs` (
  `id` int NOT NULL AUTO_INCREMENT,
  `name` varchar(255) NOT NULL,
  `description` text,
  `created_by` varchar(255) DEFAULT NULL,
  `created_at` timestamp NULL DEFAULT CURRENT_TIMESTAMP,
  PRIMARY KEY (`id`),
  KEY `created_by` (`created_by`),
  CONSTRAINT `clubs_ibfk_1` FOREIGN KEY (`created_by`) REFERENCES `users` (`canvas_user_id`)
) ENGINE=InnoDB DEFAULT CHARSET=utf8mb4 COLLATE=utf8mb4_0900_ai_ci;
/*!40101 SET character_set_client = @saved_cs_client */;

--
-- Dumping data for table `clubs`
--

LOCK TABLES `clubs` WRITE;
/*!40000 ALTER TABLE `clubs` DISABLE KEYS */;
/*!40000 ALTER TABLE `clubs` ENABLE KEYS */;
UNLOCK TABLES;

--
-- Table structure for table `messages`
--

DROP TABLE IF EXISTS `messages`;
/*!40101 SET @saved_cs_client     = @@character_set_client */;
/*!50503 SET character_set_client = utf8mb4 */;
CREATE TABLE `messages` (
  `id` int NOT NULL AUTO_INCREMENT,
  `room_id` int NOT NULL,
  `user_id` varchar(255) NOT NULL,
  `content` text,
  `created_at` timestamp NULL DEFAULT CURRENT_TIMESTAMP,
  `is_edited` tinyint(1) NOT NULL DEFAULT '0',
  `edited_at` timestamp NULL DEFAULT NULL,
  PRIMARY KEY (`id`),
  KEY `room_id` (`room_id`),
  KEY `user_id` (`user_id`),
  CONSTRAINT `messages_ibfk_1` FOREIGN KEY (`room_id`) REFERENCES `rooms` (`id`) ON DELETE CASCADE,
  CONSTRAINT `messages_ibfk_2` FOREIGN KEY (`user_id`) REFERENCES `users` (`canvas_user_id`) ON DELETE CASCADE
) ENGINE=InnoDB DEFAULT CHARSET=utf8mb4 COLLATE=utf8mb4_0900_ai_ci;
/*!40101 SET character_set_client = @saved_cs_client */;

--
-- Dumping data for table `messages`
--

LOCK TABLES `messages` WRITE;
/*!40000 ALTER TABLE `messages` DISABLE KEYS */;
/*!40000 ALTER TABLE `messages` ENABLE KEYS */;
UNLOCK TABLES;

--
-- Table structure for table `posts`
--

DROP TABLE IF EXISTS `posts`;
/*!40101 SET @saved_cs_client     = @@character_set_client */;
/*!50503 SET character_set_client = utf8mb4 */;
CREATE TABLE `posts` (
  `id` int NOT NULL AUTO_INCREMENT,
  `scope` varchar(50) DEFAULT NULL,
  `scope_id` varchar(255) DEFAULT NULL,
  `author` varchar(255) DEFAULT NULL,
  `title` varchar(50) DEFAULT NULL,
  `content` text,
  `image_url` varchar(255) DEFAULT NULL,
  `created_at` timestamp NULL DEFAULT CURRENT_TIMESTAMP,
  PRIMARY KEY (`id`),
  KEY `author` (`author`),
  CONSTRAINT `posts_ibfk_1` FOREIGN KEY (`author`) REFERENCES `users` (`canvas_user_id`)
) ENGINE=InnoDB DEFAULT CHARSET=utf8mb4 COLLATE=utf8mb4_0900_ai_ci;
/*!40101 SET character_set_client = @saved_cs_client */;

--
-- Dumping data for table `posts`
--

LOCK TABLES `posts` WRITE;
/*!40000 ALTER TABLE `posts` DISABLE KEYS */;
/*!40000 ALTER TABLE `posts` ENABLE KEYS */;
UNLOCK TABLES;

--
-- Table structure for table `room_members`
--

DROP TABLE IF EXISTS `room_members`;
/*!40101 SET @saved_cs_client     = @@character_set_client */;
/*!50503 SET character_set_client = utf8mb4 */;
CREATE TABLE `room_members` (
  `room_id` int NOT NULL,
  `user_id` varchar(255) NOT NULL,
  `joined_at` timestamp NULL DEFAULT CURRENT_TIMESTAMP,
  PRIMARY KEY (`room_id`,`user_id`),
  KEY `user_id` (`user_id`),
  CONSTRAINT `room_members_ibfk_1` FOREIGN KEY (`room_id`) REFERENCES `rooms` (`id`) ON DELETE CASCADE,
  CONSTRAINT `room_members_ibfk_2` FOREIGN KEY (`user_id`) REFERENCES `users` (`canvas_user_id`) ON DELETE CASCADE
) ENGINE=InnoDB DEFAULT CHARSET=utf8mb4 COLLATE=utf8mb4_0900_ai_ci;
/*!40101 SET character_set_client = @saved_cs_client */;

--
-- Dumping data for table `room_members`
--

LOCK TABLES `room_members` WRITE;
/*!40000 ALTER TABLE `room_members` DISABLE KEYS */;
INSERT INTO `room_members` VALUES (25117,'1005124','2025-11-23 02:14:35'),(25117,'1031930','2025-11-23 02:14:29'),(25117,'1048553','2025-11-23 02:15:14'),(25117,'107424','2025-11-23 02:15:44'),(25117,'1109779','2025-11-23 02:14:18'),(25117,'111353','2025-11-23 02:14:53'),(25117,'1117504','2025-11-23 02:15:46'),(25117,'1119155','2025-11-23 02:15:33'),(25117,'1119338','2025-11-23 02:15:09'),(25117,'1121636','2025-11-23 02:15:31'),(25117,'118822','2025-11-23 02:14:19'),(25117,'125013','2025-11-23 02:14:52'),(25117,'130820','2025-11-23 02:14:57'),(25117,'131007','2025-11-23 02:15:41'),(25117,'134609','2025-11-23 02:15:01'),(25117,'136102','2025-11-23 02:14:56'),(25117,'140633','2025-11-23 02:15:29'),(25117,'167214','2025-11-23 02:15:03'),(25117,'174231','2025-11-23 02:14:44'),(25117,'187848','2025-11-23 02:15:36'),(25117,'230746','2025-11-23 02:15:30'),(25117,'2363543','2025-11-23 02:14:30'),(25117,'236482','2025-11-23 02:15:04'),(25117,'2502954','2025-11-23 02:15:11'),(25117,'252769','2025-11-23 02:15:43'),(25117,'2538844','2025-11-23 02:15:50'),(25117,'2567919','2025-11-23 02:14:42'),(25117,'274172','2025-11-23 02:15:40'),(25117,'288191','2025-11-23 02:14:24'),(25117,'292562','2025-11-23 02:14:21'),(25117,'330456','2025-11-23 02:15:02'),(25117,'350868','2025-11-23 02:14:58'),(25117,'357223','2025-11-23 02:15:15'),(25117,'366219','2025-11-23 02:15:32'),(25117,'390632','2025-11-23 02:15:19'),(25117,'394992','2025-11-23 02:15:34'),(25117,'422259','2025-11-23 02:15:13'),(25117,'458657','2025-11-23 02:15:38'),(25117,'462734','2025-11-23 02:14:23'),(25117,'464064','2025-11-23 02:15:27'),(25117,'471160','2025-11-23 02:15:08'),(25117,'473441','2025-11-23 02:15:21'),(25117,'4872','2025-11-23 02:15:36'),(25117,'492022','2025-11-23 02:15:23'),(25117,'495610','2025-11-23 02:14:47'),(25117,'523078','2025-11-23 02:15:42'),(25117,'56473','2025-11-23 02:14:42'),(25117,'604750','2025-11-23 02:15:49'),(25117,'60547','2025-11-23 02:15:18'),(25117,'619232','2025-11-23 02:15:00'),(25117,'629597','2025-11-23 02:14:54'),(25117,'640538','2025-11-23 02:15:10'),(25117,'648255','2025-11-23 02:15:24'),(25117,'6526','2025-11-23 02:15:51'),(25117,'674676','2025-11-23 02:14:18'),(25117,'675601','2025-11-23 02:14:41'),(25117,'679443','2025-11-23 02:14:15'),(25117,'680169','2025-11-23 02:14:45'),(25117,'680749','2025-11-23 02:14:31'),(25117,'6835','2025-11-23 02:15:35'),(25117,'690529','2025-11-23 02:15:26'),(25117,'693062','2025-11-23 02:15:39'),(25117,'705683','2025-11-23 02:15:28'),(25117,'711393','2025-11-23 02:14:55'),(25117,'715459','2025-11-23 02:14:34'),(25117,'715494','2025-11-23 02:15:22'),(25117,'72834','2025-11-23 02:14:26'),(25117,'738059','2025-11-23 02:14:51'),(25117,'801132','2025-11-23 02:14:25'),(25117,'812834','2025-11-23 02:15:45'),(25117,'818123','2025-11-23 02:14:50'),(25117,'822214','2025-11-23 02:15:20'),(25117,'8470','2025-11-23 02:14:28'),(25117,'8537','2025-11-23 02:14:55'),(25117,'854381','2025-11-23 02:14:46'),(25117,'855547','2025-11-23 02:14:17'),(25117,'856706','2025-11-23 02:14:48'),(25117,'857629','2025-11-23 02:15:05'),(25117,'85979','2025-11-23 02:15:47'),(25117,'867083','2025-11-23 02:15:12'),(25117,'868100','2025-11-23 02:15:06'),(25117,'868312','2025-11-23 02:15:42'),(25117,'8692','2025-11-23 02:15:16'),(25117,'874109','2025-11-23 02:15:37'),(25117,'87418','2025-11-23 02:14:43'),(25117,'878627','2025-11-23 02:15:01'),(25117,'879248','2025-11-23 02:15:25'),(25117,'881589','2025-11-23 02:15:07'),(25117,'892615','2025-11-23 02:14:59'),(25117,'8942','2025-11-23 02:15:17'),(25117,'9070','2025-11-23 02:14:20'),(25117,'913506','2025-11-23 02:15:14'),(25117,'9218','2025-11-23 02:14:32'),(25117,'9229','2025-11-23 02:14:22'),(25117,'9236','2025-11-23 02:14:49'),(25117,'934216','2025-11-23 02:14:33'),(25117,'953463','2025-11-23 02:15:27'),(25117,'986195','2025-11-23 02:14:16'),(25117,'986409','2025-11-23 02:15:48'),(25117,'98814','2025-11-23 02:14:27'),(72203,'1003422','2025-11-23 02:22:26'),(72203,'1005911','2025-11-23 02:22:33'),(72203,'1015588','2025-11-23 02:22:34'),(72203,'1017588','2025-11-23 02:22:48'),(72203,'1017754','2025-11-23 02:22:47'),(72203,'1022881','2025-11-23 02:22:15'),(72203,'1024901','2025-11-23 02:21:42'),(72203,'1028234','2025-11-23 02:22:56'),(72203,'1030726','2025-11-23 02:22:52'),(72203,'1036419','2025-11-23 02:22:40'),(72203,'1042547','2025-11-23 02:22:41'),(72203,'1043287','2025-11-23 02:22:41'),(72203,'1045910','2025-11-23 02:21:34'),(72203,'1050382','2025-11-23 02:23:04'),(72203,'1062648','2025-11-23 02:22:04'),(72203,'1101436','2025-11-23 02:21:39'),(72203,'1101767','2025-11-23 02:21:38'),(72203,'1105716','2025-11-23 02:22:29'),(72203,'1109779','2025-11-23 02:21:36'),(72203,'1109785','2025-11-23 02:21:47'),(72203,'1109824','2025-11-23 02:22:42'),(72203,'1110114','2025-11-23 02:21:56'),(72203,'1110139','2025-11-23 02:22:25'),(72203,'1110167','2025-11-23 02:21:53'),(72203,'1110191','2025-11-23 02:22:46'),(72203,'1119311','2025-11-23 02:21:32'),(72203,'1119581','2025-11-23 02:21:55'),(72203,'1119601','2025-11-23 02:21:52'),(72203,'1121636','2025-11-23 02:23:01'),(72203,'1122494','2025-11-23 02:22:39'),(72203,'1290038','2025-11-23 02:22:32'),(72203,'1291334','2025-11-23 02:22:19'),(72203,'2506984','2025-11-23 02:21:49'),(72203,'2508136','2025-11-23 02:22:00'),(72203,'2511541','2025-11-23 02:22:01'),(72203,'2512427','2025-11-23 02:22:45'),(72203,'2516482','2025-11-23 02:21:29'),(72203,'2528271','2025-11-23 02:22:16'),(72203,'2532500','2025-11-23 02:23:04'),(72203,'2533178','2025-11-23 02:22:13'),(72203,'2535369','2025-11-23 02:22:49'),(72203,'2544226','2025-11-23 02:22:57'),(72203,'2562522','2025-11-23 02:21:40'),(72203,'2567919','2025-11-23 02:22:11'),(72203,'2568615','2025-11-23 02:22:33'),(72203,'2570349','2025-11-23 02:22:28'),(72203,'328724','2025-11-23 02:21:51'),(72203,'382213','2025-11-23 02:22:22'),(72203,'392024','2025-11-23 02:22:55'),(72203,'416998','2025-11-23 02:22:53'),(72203,'467890','2025-11-23 02:22:36'),(72203,'468448','2025-11-23 02:22:43'),(72203,'471078','2025-11-23 02:22:21'),(72203,'507128','2025-11-23 02:22:03'),(72203,'549429','2025-11-23 02:21:57'),(72203,'606648','2025-11-23 02:21:37'),(72203,'609953','2025-11-23 02:21:35'),(72203,'613511','2025-11-23 02:21:47'),(72203,'632877','2025-11-23 02:22:13'),(72203,'649495','2025-11-23 02:22:23'),(72203,'663681','2025-11-23 02:21:38'),(72203,'672135','2025-11-23 02:22:10'),(72203,'703660','2025-11-23 02:23:02'),(72203,'705626','2025-11-23 02:22:55'),(72203,'707868','2025-11-23 02:21:44'),(72203,'721953','2025-11-23 02:21:48'),(72203,'730648','2025-11-23 02:22:24'),(72203,'801132','2025-11-23 02:21:46'),(72203,'806746','2025-11-23 02:21:45'),(72203,'811940','2025-11-23 02:22:17'),(72203,'813425','2025-11-23 02:21:54'),(72203,'823704','2025-11-23 02:21:58'),(72203,'825484','2025-11-23 02:22:12'),(72203,'827885','2025-11-23 02:22:37'),(72203,'830749','2025-11-23 02:22:25'),(72203,'838733','2025-11-23 02:22:14'),(72203,'851844','2025-11-23 02:21:31'),(72203,'853722','2025-11-23 02:21:33'),(72203,'856816','2025-11-23 02:21:43'),(72203,'858389','2025-11-23 02:22:50'),(72203,'864068','2025-11-23 02:22:54'),(72203,'864930','2025-11-23 02:22:51'),(72203,'866059','2025-11-23 02:23:03'),(72203,'867237','2025-11-23 02:21:41'),(72203,'868715','2025-11-23 02:21:59'),(72203,'876126','2025-11-23 02:22:20'),(72203,'879783','2025-11-23 02:22:58'),(72203,'889338','2025-11-23 02:22:35'),(72203,'938786','2025-11-23 02:21:50'),(72203,'944712','2025-11-23 02:22:27'),(72203,'946106','2025-11-23 02:23:00'),(72203,'95295','2025-11-23 02:22:18'),(72203,'953463','2025-11-23 02:22:59'),(72203,'957307','2025-11-23 02:22:02'),(72203,'958783','2025-11-23 02:21:30'),(72203,'961806','2025-11-23 02:21:57'),(72203,'965633','2025-11-23 02:22:30'),(72203,'985110','2025-11-23 02:22:31'),(72203,'986542','2025-11-23 02:22:44'),(72203,'991967','2025-11-23 02:22:38'),(114568,'150408','2025-11-23 02:17:17'),(114568,'211498','2025-11-23 02:17:00'),(114568,'297720','2025-11-23 02:16:27'),(114568,'29922','2025-11-23 02:16:13'),(114568,'396699','2025-11-23 02:17:26'),(114568,'461116','2025-11-23 02:17:00'),(114568,'462651','2025-11-23 02:17:27'),(114568,'464504','2025-11-23 02:16:15'),(114568,'471160','2025-11-23 02:16:06'),(114568,'471732','2025-11-23 02:16:56'),(114568,'474278','2025-11-23 02:15:57'),(114568,'509831','2025-11-23 02:16:08'),(114568,'520885','2025-11-23 02:17:04'),(114568,'603919','2025-11-23 02:17:08'),(114568,'604443','2025-11-23 02:16:11'),(114568,'610195','2025-11-23 02:16:24'),(114568,'614327','2025-11-23 02:17:21'),(114568,'621476','2025-11-23 02:16:44'),(114568,'626119','2025-11-23 02:16:25'),(114568,'629008','2025-11-23 02:16:34'),(114568,'631709','2025-11-23 02:16:22'),(114568,'637798','2025-11-23 02:17:05'),(114568,'650466','2025-11-23 02:17:25'),(114568,'656327','2025-11-23 02:17:13'),(114568,'662749','2025-11-23 02:17:10'),(114568,'6752','2025-11-23 02:16:52'),(114568,'676340','2025-11-23 02:16:37'),(114568,'684076','2025-11-23 02:17:23'),(114568,'703272','2025-11-23 02:17:16'),(114568,'728828','2025-11-23 02:16:32'),(114568,'730648','2025-11-23 02:16:03'),(114568,'748518','2025-11-23 02:16:29'),(114568,'794793','2025-11-23 02:16:50'),(114568,'794844','2025-11-23 02:16:21'),(114568,'800600','2025-11-23 02:17:01'),(114568,'802266','2025-11-23 02:16:02'),(114568,'805910','2025-11-23 02:16:38'),(114568,'807117','2025-11-23 02:16:05'),(114568,'813825','2025-11-23 02:16:33'),(114568,'816016','2025-11-23 02:16:26'),(114568,'817271','2025-11-23 02:16:20'),(114568,'817674','2025-11-23 02:16:45'),(114568,'818977','2025-11-23 02:17:20'),(114568,'822222','2025-11-23 02:16:18'),(114568,'823137','2025-11-23 02:16:14'),(114568,'823619','2025-11-23 02:17:06'),(114568,'823704','2025-11-23 02:15:58'),(114568,'824065','2025-11-23 02:16:52'),(114568,'824515','2025-11-23 02:16:36'),(114568,'824604','2025-11-23 02:16:57'),(114568,'825281','2025-11-23 02:16:01'),(114568,'825583','2025-11-23 02:16:31'),(114568,'826668','2025-11-23 02:16:59'),(114568,'828158','2025-11-23 02:17:07'),(114568,'828876','2025-11-23 02:17:24'),(114568,'829691','2025-11-23 02:16:16'),(114568,'830482','2025-11-23 02:17:19'),(114568,'831131','2025-11-23 02:16:53'),(114568,'832034','2025-11-23 02:16:23'),(114568,'836589','2025-11-23 02:17:12'),(114568,'837130','2025-11-23 02:17:14'),(114568,'837667','2025-11-23 02:17:11'),(114568,'837712','2025-11-23 02:17:18'),(114568,'838719','2025-11-23 02:16:10'),(114568,'839719','2025-11-23 02:16:17'),(114568,'839934','2025-11-23 02:16:58'),(114568,'843595','2025-11-23 02:16:49'),(114568,'851844','2025-11-23 02:15:55'),(114568,'853770','2025-11-23 02:16:51'),(114568,'853952','2025-11-23 02:16:48'),(114568,'856711','2025-11-23 02:16:12'),(114568,'856763','2025-11-23 02:16:40'),(114568,'856816','2025-11-23 02:15:56'),(114568,'856865','2025-11-23 02:16:18'),(114568,'860474','2025-11-23 02:16:30'),(114568,'862144','2025-11-23 02:16:41'),(114568,'863740','2025-11-23 02:16:35'),(114568,'864068','2025-11-23 02:16:09'),(114568,'864995','2025-11-23 02:16:55'),(114568,'865077','2025-11-23 02:16:28'),(114568,'865488','2025-11-23 02:17:09'),(114568,'871102','2025-11-23 02:16:47'),(114568,'872750','2025-11-23 02:16:42'),(114568,'873460','2025-11-23 02:16:31'),(114568,'875464','2025-11-23 02:16:19'),(114568,'875643','2025-11-23 02:17:03'),(114568,'875851','2025-11-23 02:16:54'),(114568,'876505','2025-11-23 02:17:02'),(114568,'878915','2025-11-23 02:16:00'),(114568,'879738','2025-11-23 02:16:39'),(114568,'879783','2025-11-23 02:16:10'),(114568,'880158','2025-11-23 02:17:22'),(114568,'880690','2025-11-23 02:15:59'),(114568,'881311','2025-11-23 02:17:15'),(114568,'882009','2025-11-23 02:16:43'),(114568,'884874','2025-11-23 02:16:46'),(114568,'894067','2025-11-23 02:16:04'),(114568,'894796','2025-11-23 02:16:42'),(114568,'913266','2025-11-23 02:17:15'),(114568,'98814','2025-11-23 02:15:57'),(139130,'1001108','2025-11-23 02:18:22'),(139130,'1003366','2025-11-23 02:18:28'),(139130,'1004736','2025-11-23 02:17:40'),(139130,'1006970','2025-11-23 02:18:10'),(139130,'1007074','2025-11-23 02:17:52'),(139130,'1007464','2025-11-23 02:18:33'),(139130,'1011058','2025-11-23 02:18:09'),(139130,'1013709','2025-11-23 02:18:54'),(139130,'1013919','2025-11-23 02:19:00'),(139130,'1016207','2025-11-23 02:18:12'),(139130,'1016242','2025-11-23 02:18:43'),(139130,'1017754','2025-11-23 02:17:37'),(139130,'1019013','2025-11-23 02:18:04'),(139130,'1019138','2025-11-23 02:17:41'),(139130,'1019742','2025-11-23 02:17:56'),(139130,'1024105','2025-11-23 02:18:26'),(139130,'1025084','2025-11-23 02:18:11'),(139130,'1025985','2025-11-23 02:18:42'),(139130,'1026122','2025-11-23 02:18:36'),(139130,'1026306','2025-11-23 02:17:58'),(139130,'1027257','2025-11-23 02:19:00'),(139130,'1027409','2025-11-23 02:17:55'),(139130,'1031251','2025-11-23 02:18:45'),(139130,'1034871','2025-11-23 02:18:24'),(139130,'1036469','2025-11-23 02:17:54'),(139130,'1037708','2025-11-23 02:18:55'),(139130,'1040096','2025-11-23 02:17:46'),(139130,'1041298','2025-11-23 02:18:23'),(139130,'1041480','2025-11-23 02:18:16'),(139130,'1041887','2025-11-23 02:18:48'),(139130,'1042418','2025-11-23 02:18:53'),(139130,'1047728','2025-11-23 02:18:07'),(139130,'1048553','2025-11-23 02:17:36'),(139130,'1050706','2025-11-23 02:18:37'),(139130,'1050840','2025-11-23 02:18:00'),(139130,'1050875','2025-11-23 02:18:34'),(139130,'1052881','2025-11-23 02:17:42'),(139130,'116048','2025-11-23 02:18:31'),(139130,'133675','2025-11-23 02:18:03'),(139130,'141062','2025-11-23 02:17:45'),(139130,'253622','2025-11-23 02:18:17'),(139130,'295800','2025-11-23 02:18:20'),(139130,'29922','2025-11-23 02:17:39'),(139130,'368893','2025-11-23 02:18:08'),(139130,'416375','2025-11-23 02:17:44'),(139130,'471732','2025-11-23 02:17:57'),(139130,'475561','2025-11-23 02:18:19'),(139130,'482055','2025-11-23 02:17:47'),(139130,'482859','2025-11-23 02:18:13'),(139130,'521735','2025-11-23 02:18:38'),(139130,'538166','2025-11-23 02:18:18'),(139130,'564649','2025-11-23 02:18:30'),(139130,'627880','2025-11-23 02:18:39'),(139130,'628217','2025-11-23 02:18:18'),(139130,'631866','2025-11-23 02:18:58'),(139130,'666567','2025-11-23 02:18:06'),(139130,'704476','2025-11-23 02:18:53'),(139130,'728670','2025-11-23 02:17:49'),(139130,'746931','2025-11-23 02:18:52'),(139130,'793498','2025-11-23 02:18:56'),(139130,'807117','2025-11-23 02:17:35'),(139130,'807176','2025-11-23 02:17:53'),(139130,'810407','2025-11-23 02:19:02'),(139130,'821198','2025-11-23 02:17:59'),(139130,'824655','2025-11-23 02:17:32'),(139130,'825593','2025-11-23 02:18:57'),(139130,'832034','2025-11-23 02:17:43'),(139130,'838617','2025-11-23 02:18:49'),(139130,'838733','2025-11-23 02:17:33'),(139130,'856706','2025-11-23 02:17:34'),(139130,'857328','2025-11-23 02:18:04'),(139130,'861062','2025-11-23 02:18:27'),(139130,'862345','2025-11-23 02:17:50'),(139130,'864068','2025-11-23 02:17:38'),(139130,'869554','2025-11-23 02:18:21'),(139130,'871610','2025-11-23 02:18:32'),(139130,'875963','2025-11-23 02:18:40'),(139130,'877327','2025-11-23 02:17:55'),(139130,'877478','2025-11-23 02:18:05'),(139130,'883489','2025-11-23 02:19:03'),(139130,'885312','2025-11-23 02:18:01'),(139130,'896545','2025-11-23 02:18:35'),(139130,'901172','2025-11-23 02:18:25'),(139130,'937436','2025-11-23 02:18:46'),(139130,'940070','2025-11-23 02:19:01'),(139130,'941072','2025-11-23 02:18:59'),(139130,'942203','2025-11-23 02:18:02'),(139130,'943490','2025-11-23 02:17:51'),(139130,'948264','2025-11-23 02:18:51'),(139130,'951957','2025-11-23 02:18:41'),(139130,'952749','2025-11-23 02:18:26'),(139130,'953473','2025-11-23 02:18:14'),(139130,'954081','2025-11-23 02:18:47'),(139130,'955153','2025-11-23 02:18:44'),(139130,'960041','2025-11-23 02:17:41'),(139130,'961675','2025-11-23 02:18:50'),(139130,'982160','2025-11-23 02:18:15'),(139130,'983235','2025-11-23 02:18:29'),(139130,'985301','2025-11-23 02:18:42'),(139130,'985543','2025-11-23 02:17:48'),(162335,'1007074','2025-11-23 02:20:27'),(162335,'1021385','2025-11-23 02:20:53'),(162335,'1030449','2025-11-23 02:20:28'),(162335,'1030995','2025-11-23 02:20:45'),(162335,'1036443','2025-11-23 02:21:12'),(162335,'1040127','2025-11-23 02:20:26'),(162335,'1042806','2025-11-23 02:20:25'),(162335,'1046223','2025-11-23 02:20:39'),(162335,'1050720','2025-11-23 02:21:04'),(162335,'1100768','2025-11-23 02:20:52'),(162335,'1108974','2025-11-23 02:20:32'),(162335,'1109490','2025-11-23 02:20:30'),(162335,'1109923','2025-11-23 02:20:36'),(162335,'1109946','2025-11-23 02:21:14'),(162335,'1110058','2025-11-23 02:20:37'),(162335,'1113317','2025-11-23 02:20:33'),(162335,'1115220','2025-11-23 02:20:58'),(162335,'1118813','2025-11-23 02:20:23'),(162335,'1119133','2025-11-23 02:21:00'),(162335,'1119330','2025-11-23 02:20:31'),(162335,'1119501','2025-11-23 02:20:18'),(162335,'1119801','2025-11-23 02:20:41'),(162335,'2363055','2025-11-23 02:21:16'),(162335,'273556','2025-11-23 02:21:19'),(162335,'338407','2025-11-23 02:20:48'),(162335,'394644','2025-11-23 02:21:11'),(162335,'448415','2025-11-23 02:21:06'),(162335,'458537','2025-11-23 02:20:49'),(162335,'518894','2025-11-23 02:20:34'),(162335,'520310','2025-11-23 02:20:47'),(162335,'521372','2025-11-23 02:21:20'),(162335,'568243','2025-11-23 02:21:18'),(162335,'594553','2025-11-23 02:20:50'),(162335,'601166','2025-11-23 02:21:15'),(162335,'621704','2025-11-23 02:21:05'),(162335,'622290','2025-11-23 02:20:56'),(162335,'625487','2025-11-23 02:21:03'),(162335,'636161','2025-11-23 02:20:40'),(162335,'642170','2025-11-23 02:21:07'),(162335,'645124','2025-11-23 02:20:59'),(162335,'654456','2025-11-23 02:20:31'),(162335,'658222','2025-11-23 02:21:23'),(162335,'674808','2025-11-23 02:21:02'),(162335,'680210','2025-11-23 02:20:19'),(162335,'691619','2025-11-23 02:21:08'),(162335,'696055','2025-11-23 02:20:23'),(162335,'698027','2025-11-23 02:20:42'),(162335,'718534','2025-11-23 02:20:46'),(162335,'729184','2025-11-23 02:20:55'),(162335,'748218','2025-11-23 02:20:22'),(162335,'806888','2025-11-23 02:20:24'),(162335,'823190','2025-11-23 02:20:21'),(162335,'823533','2025-11-23 02:21:22'),(162335,'823585','2025-11-23 02:20:35'),(162335,'823714','2025-11-23 02:21:09'),(162335,'824428','2025-11-23 02:21:08'),(162335,'825210','2025-11-23 02:20:56'),(162335,'830551','2025-11-23 02:20:51'),(162335,'832034','2025-11-23 02:20:20'),(162335,'864534','2025-11-23 02:21:21'),(162335,'870158','2025-11-23 02:21:01'),(162335,'870637','2025-11-23 02:20:29'),(162335,'871958','2025-11-23 02:20:54'),(162335,'874406','2025-11-23 02:21:17'),(162335,'877722','2025-11-23 02:20:47'),(162335,'878559','2025-11-23 02:21:13'),(162335,'878620','2025-11-23 02:21:24'),(162335,'885918','2025-11-23 02:20:44'),(162335,'943352','2025-11-23 02:20:57'),(162335,'952466','2025-11-23 02:20:43'),(162335,'982586','2025-11-23 02:21:10'),(162335,'986077','2025-11-23 02:20:38'),(162335,'987278','2025-11-23 02:21:21'),(162336,'1007074','2025-11-23 02:19:17'),(162336,'1021385','2025-11-23 02:19:42'),(162336,'1030449','2025-11-23 02:19:18'),(162336,'1030995','2025-11-23 02:19:34'),(162336,'1036443','2025-11-23 02:20:01'),(162336,'1040127','2025-11-23 02:19:16'),(162336,'1042806','2025-11-23 02:19:15'),(162336,'1046223','2025-11-23 02:19:29'),(162336,'1050720','2025-11-23 02:19:53'),(162336,'1100768','2025-11-23 02:19:41'),(162336,'1108974','2025-11-23 02:19:22'),(162336,'1109490','2025-11-23 02:19:19'),(162336,'1109923','2025-11-23 02:19:26'),(162336,'1109946','2025-11-23 02:20:04'),(162336,'1110058','2025-11-23 02:19:27'),(162336,'1113317','2025-11-23 02:19:23'),(162336,'1115220','2025-11-23 02:19:48'),(162336,'1118813','2025-11-23 02:19:13'),(162336,'1119133','2025-11-23 02:19:49'),(162336,'1119330','2025-11-23 02:19:20'),(162336,'1119501','2025-11-23 02:19:08'),(162336,'1119801','2025-11-23 02:19:31'),(162336,'2363055','2025-11-23 02:20:06'),(162336,'273556','2025-11-23 02:20:09'),(162336,'338407','2025-11-23 02:19:38'),(162336,'394644','2025-11-23 02:20:00'),(162336,'448415','2025-11-23 02:19:55'),(162336,'458537','2025-11-23 02:19:39'),(162336,'518894','2025-11-23 02:19:24'),(162336,'520310','2025-11-23 02:19:37'),(162336,'521372','2025-11-23 02:20:10'),(162336,'568243','2025-11-23 02:20:08'),(162336,'594553','2025-11-23 02:19:40'),(162336,'601166','2025-11-23 02:20:05'),(162336,'621704','2025-11-23 02:19:54'),(162336,'622290','2025-11-23 02:19:46'),(162336,'625487','2025-11-23 02:19:52'),(162336,'636161','2025-11-23 02:19:30'),(162336,'642170','2025-11-23 02:19:56'),(162336,'645124','2025-11-23 02:19:48'),(162336,'654456','2025-11-23 02:19:21'),(162336,'658222','2025-11-23 02:20:13'),(162336,'674808','2025-11-23 02:19:51'),(162336,'680210','2025-11-23 02:19:08'),(162336,'691619','2025-11-23 02:19:57'),(162336,'696055','2025-11-23 02:19:12'),(162336,'698027','2025-11-23 02:19:32'),(162336,'718534','2025-11-23 02:19:35'),(162336,'729184','2025-11-23 02:19:44'),(162336,'748218','2025-11-23 02:19:11'),(162336,'806888','2025-11-23 02:19:14'),(162336,'823190','2025-11-23 02:19:10'),(162336,'823533','2025-11-23 02:20:12'),(162336,'823585','2025-11-23 02:19:25'),(162336,'823714','2025-11-23 02:19:58'),(162336,'824428','2025-11-23 02:19:58'),(162336,'825210','2025-11-23 02:19:45'),(162336,'830551','2025-11-23 02:19:40'),(162336,'832034','2025-11-23 02:19:09'),(162336,'864534','2025-11-23 02:20:11'),(162336,'870158','2025-11-23 02:19:50'),(162336,'870637','2025-11-23 02:19:19'),(162336,'871958','2025-11-23 02:19:43'),(162336,'874406','2025-11-23 02:20:07'),(162336,'877722','2025-11-23 02:19:36'),(162336,'878559','2025-11-23 02:20:03'),(162336,'878620','2025-11-23 02:20:14'),(162336,'885918','2025-11-23 02:19:33'),(162336,'943352','2025-11-23 02:19:47'),(162336,'952466','2025-11-23 02:19:32'),(162336,'982586','2025-11-23 02:19:59'),(162336,'986077','2025-11-23 02:19:28'),(162336,'987278','2025-11-23 02:20:11'),(173335,'1006970','2025-11-23 02:13:09'),(173335,'1021128','2025-11-23 02:13:37'),(173335,'1022638','2025-11-23 02:13:31'),(173335,'1028484','2025-11-23 02:13:42'),(173335,'1030726','2025-11-23 02:12:50'),(173335,'1037666','2025-11-23 02:13:26'),(173335,'106901','2025-11-23 02:13:07'),(173335,'1105856','2025-11-23 02:14:09'),(173335,'1108551','2025-11-23 02:13:29'),(173335,'1114827','2025-11-23 02:13:06'),(173335,'1120286','2025-11-23 02:13:47'),(173335,'1289099','2025-11-23 02:13:40'),(173335,'1293782','2025-11-23 02:13:07'),(173335,'1532061','2025-11-23 02:13:27'),(173335,'2364955','2025-11-23 02:13:56'),(173335,'2387824','2025-11-23 02:13:25'),(173335,'2389708','2025-11-23 02:14:10'),(173335,'239931','2025-11-23 02:13:03'),(173335,'340483','2025-11-23 02:13:13'),(173335,'367663','2025-11-23 02:12:59'),(173335,'419036','2025-11-23 02:14:05'),(173335,'431198','2025-11-23 02:13:44'),(173335,'456337','2025-11-23 02:13:21'),(173335,'459883','2025-11-23 02:13:30'),(173335,'466480','2025-11-23 02:14:01'),(173335,'474672','2025-11-23 02:12:56'),(173335,'525024','2025-11-23 02:13:19'),(173335,'567437','2025-11-23 02:13:15'),(173335,'572032','2025-11-23 02:13:56'),(173335,'596834','2025-11-23 02:13:46'),(173335,'605068','2025-11-23 02:13:17'),(173335,'605130','2025-11-23 02:12:54'),(173335,'619906','2025-11-23 02:13:08'),(173335,'631572','2025-11-23 02:13:34'),(173335,'635286','2025-11-23 02:13:17'),(173335,'669074','2025-11-23 02:13:49'),(173335,'669265','2025-11-23 02:14:06'),(173335,'675977','2025-11-23 02:13:36'),(173335,'680886','2025-11-23 02:13:24'),(173335,'682156','2025-11-23 02:13:02'),(173335,'685009','2025-11-23 02:13:35'),(173335,'693032','2025-11-23 02:13:05'),(173335,'693052','2025-11-23 02:13:51'),(173335,'707486','2025-11-23 02:13:50'),(173335,'727483','2025-11-23 02:13:59'),(173335,'728895','2025-11-23 02:13:00'),(173335,'731672','2025-11-23 02:13:41'),(173335,'762951','2025-11-23 02:12:49'),(173335,'763373','2025-11-23 02:13:53'),(173335,'795691','2025-11-23 02:14:02'),(173335,'800819','2025-11-23 02:14:07'),(173335,'808113','2025-11-23 02:13:23'),(173335,'809825','2025-11-23 02:13:58'),(173335,'822179','2025-11-23 02:13:39'),(173335,'824604','2025-11-23 02:13:04'),(173335,'827044','2025-11-23 02:13:55'),(173335,'828158','2025-11-23 02:13:10'),(173335,'828504','2025-11-23 02:13:01'),(173335,'830642','2025-11-23 02:12:50'),(173335,'832034','2025-11-23 02:12:57'),(173335,'837712','2025-11-23 02:13:14'),(173335,'840989','2025-11-23 02:13:52'),(173335,'850688','2025-11-23 02:13:33'),(173335,'851025','2025-11-23 02:13:30'),(173335,'853952','2025-11-23 02:12:58'),(173335,'854432','2025-11-23 02:13:32'),(173335,'856711','2025-11-23 02:12:52'),(173335,'860148','2025-11-23 02:13:57'),(173335,'860674','2025-11-23 02:14:04'),(173335,'862163','2025-11-23 02:13:46'),(173335,'862830','2025-11-23 02:13:38'),(173335,'864068','2025-11-23 02:12:51'),(173335,'864727','2025-11-23 02:13:38'),(173335,'866501','2025-11-23 02:13:20'),(173335,'867209','2025-11-23 02:14:08'),(173335,'868196','2025-11-23 02:13:16'),(173335,'868225','2025-11-23 02:12:53'),(173335,'869184','2025-11-23 02:14:06'),(173335,'869554','2025-11-23 02:13:18'),(173335,'872284','2025-11-23 02:13:48'),(173335,'872286','2025-11-23 02:14:00'),(173335,'873481','2025-11-23 02:13:22'),(173335,'877191','2025-11-23 02:13:45'),(173335,'881878','2025-11-23 02:13:28'),(173335,'884047','2025-11-23 02:14:03'),(173335,'904669','2025-11-23 02:13:54'),(173335,'913266','2025-11-23 02:13:12'),(173335,'956085','2025-11-23 02:13:43'),(173335,'984482','2025-11-23 02:13:11'),(173335,'992879','2025-11-23 02:12:55'),(173488,'1006517','2025-11-23 02:08:17'),(173488,'1013032','2025-11-23 02:07:26'),(173488,'1020000','2025-11-23 02:06:59'),(173488,'1022638','2025-11-23 02:07:41'),(173488,'1028267','2025-11-23 02:07:50'),(173488,'1030995','2025-11-23 02:07:27'),(173488,'1037666','2025-11-23 02:07:33'),(173488,'1042188','2025-11-23 02:07:10'),(173488,'1047096','2025-11-23 02:07:31'),(173488,'1054413','2025-11-23 02:07:54'),(173488,'1057111','2025-11-23 02:08:12'),(173488,'1057995','2025-11-23 02:07:24'),(173488,'1097062','2025-11-23 02:07:03'),(173488,'1099802','2025-11-23 02:07:57'),(173488,'1115508','2025-11-23 02:07:51'),(173488,'1293782','2025-11-23 02:07:16'),(173488,'2359545','2025-11-23 02:08:11'),(173488,'256746','2025-11-23 02:07:34'),(173488,'261330','2025-11-23 02:07:21'),(173488,'2643084','2025-11-23 02:07:14'),(173488,'41282','2025-11-23 02:07:36'),(173488,'425751','2025-11-23 02:08:09'),(173488,'428791','2025-11-23 02:07:06'),(173488,'431198','2025-11-23 02:07:52'),(173488,'437636','2025-11-23 02:06:54'),(173488,'468486','2025-11-23 02:07:20'),(173488,'474278','2025-11-23 02:06:52'),(173488,'478792','2025-11-23 02:07:24'),(173488,'503139','2025-11-23 02:07:40'),(173488,'503654','2025-11-23 02:07:50'),(173488,'542653','2025-11-23 02:06:56'),(173488,'599709','2025-11-23 02:08:02'),(173488,'602792','2025-11-23 02:08:03'),(173488,'604947','2025-11-23 02:08:13'),(173488,'606533','2025-11-23 02:06:58'),(173488,'606834','2025-11-23 02:07:13'),(173488,'647489','2025-11-23 02:07:53'),(173488,'658471','2025-11-23 02:07:15'),(173488,'661056','2025-11-23 02:07:32'),(173488,'667280','2025-11-23 02:08:14'),(173488,'669265','2025-11-23 02:08:15'),(173488,'675913','2025-11-23 02:07:05'),(173488,'685009','2025-11-23 02:07:47'),(173488,'689963','2025-11-23 02:08:00'),(173488,'693062','2025-11-23 02:06:57'),(173488,'703012','2025-11-23 02:08:16'),(173488,'727483','2025-11-23 02:08:05'),(173488,'728895','2025-11-23 02:07:12'),(173488,'747915','2025-11-23 02:07:18'),(173488,'751948','2025-11-23 02:07:07'),(173488,'763373','2025-11-23 02:08:01'),(173488,'790968','2025-11-23 02:07:11'),(173488,'806070','2025-11-23 02:07:37'),(173488,'807734','2025-11-23 02:07:34'),(173488,'808113','2025-11-23 02:07:30'),(173488,'814804','2025-11-23 02:07:22'),(173488,'814865','2025-11-23 02:06:53'),(173488,'816016','2025-11-23 02:07:04'),(173488,'820955','2025-11-23 02:08:04'),(173488,'821865','2025-11-23 02:07:19'),(173488,'822425','2025-11-23 02:07:38'),(173488,'824299','2025-11-23 02:07:56'),(173488,'825948','2025-11-23 02:08:07'),(173488,'831640','2025-11-23 02:07:58'),(173488,'832034','2025-11-23 02:07:03'),(173488,'837265','2025-11-23 02:07:48'),(173488,'842332','2025-11-23 02:07:59'),(173488,'842438','2025-11-23 02:07:45'),(173488,'850759','2025-11-23 02:07:28'),(173488,'853024','2025-11-23 02:07:08'),(173488,'854432','2025-11-23 02:07:44'),(173488,'855270','2025-11-23 02:07:39'),(173488,'859579','2025-11-23 02:07:16'),(173488,'861078','2025-11-23 02:08:10'),(173488,'865988','2025-11-23 02:07:35'),(173488,'868225','2025-11-23 02:07:00'),(173488,'868335','2025-11-23 02:07:46'),(173488,'871355','2025-11-23 02:07:29'),(173488,'874779','2025-11-23 02:07:56'),(173488,'879738','2025-11-23 02:07:09'),(173488,'879783','2025-11-23 02:06:55'),(173488,'880518','2025-11-23 02:08:06'),(173488,'881126','2025-11-23 02:07:55'),(173488,'893073','2025-11-23 02:08:11'),(173488,'903904','2025-11-23 02:07:42'),(173488,'910706','2025-11-23 02:07:49'),(173488,'945276','2025-11-23 02:07:25'),(173488,'962516','2025-11-23 02:07:17'),(173488,'963494','2025-11-23 02:07:02'),(173488,'965173','2025-11-23 02:08:08'),(173488,'982297','2025-11-23 02:07:01'),(173488,'987055','2025-11-23 02:07:43'),(173689,'1000711','2025-11-23 02:09:28'),(173689,'1002077','2025-11-23 02:09:20'),(173689,'1005310','2025-11-23 02:09:40'),(173689,'1005954','2025-11-23 02:08:33'),(173689,'1006517','2025-11-23 02:09:48'),(173689,'1006702','2025-11-23 02:09:16'),(173689,'1009330','2025-11-23 02:09:04'),(173689,'1011399','2025-11-23 02:09:35'),(173689,'1012455','2025-11-23 02:09:23'),(173689,'1013032','2025-11-23 02:08:53'),(173689,'1016208','2025-11-23 02:09:38'),(173689,'1016593','2025-11-23 02:09:17'),(173689,'1020000','2025-11-23 02:08:24'),(173689,'1021128','2025-11-23 02:09:24'),(173689,'1022638','2025-11-23 02:09:19'),(173689,'1024360','2025-11-23 02:09:41'),(173689,'1025985','2025-11-23 02:09:00'),(173689,'1027409','2025-11-23 02:08:38'),(173689,'1028267','2025-11-23 02:09:25'),(173689,'1028484','2025-11-23 02:09:29'),(173689,'1030995','2025-11-23 02:08:54'),(173689,'1037666','2025-11-23 02:09:03'),(173689,'1040389','2025-11-23 02:08:39'),(173689,'1041480','2025-11-23 02:08:45'),(173689,'1041490','2025-11-23 02:08:25'),(173689,'1042188','2025-11-23 02:08:36'),(173689,'1042773','2025-11-23 02:09:18'),(173689,'1043592','2025-11-23 02:09:10'),(173689,'1043754','2025-11-23 02:08:50'),(173689,'1046554','2025-11-23 02:08:23'),(173689,'1047096','2025-11-23 02:08:58'),(173689,'1049661','2025-11-23 02:08:59'),(173689,'1050840','2025-11-23 02:08:44'),(173689,'1054413','2025-11-23 02:09:32'),(173689,'1057111','2025-11-23 02:09:43'),(173689,'1057995','2025-11-23 02:08:51'),(173689,'1099579','2025-11-23 02:09:13'),(173689,'1115212','2025-11-23 02:09:33'),(173689,'1115508','2025-11-23 02:09:27'),(173689,'1119031','2025-11-23 02:09:15'),(173689,'1293782','2025-11-23 02:08:44'),(173689,'2359545','2025-11-23 02:09:42'),(173689,'239931','2025-11-23 02:08:41'),(173689,'2503999','2025-11-23 02:09:36'),(173689,'2577799','2025-11-23 02:08:56'),(173689,'2582262','2025-11-23 02:08:28'),(173689,'263934','2025-11-23 02:08:59'),(173689,'2643084','2025-11-23 02:08:42'),(173689,'290296','2025-11-23 02:09:44'),(173689,'292628','2025-11-23 02:09:45'),(173689,'431748','2025-11-23 02:09:26'),(173689,'456139','2025-11-23 02:09:34'),(173689,'474278','2025-11-23 02:08:22'),(173689,'603945','2025-11-23 02:08:43'),(173689,'647234','2025-11-23 02:09:10'),(173689,'661056','2025-11-23 02:09:01'),(173689,'667280','2025-11-23 02:09:46'),(173689,'669265','2025-11-23 02:09:47'),(173689,'703789','2025-11-23 02:09:11'),(173689,'770724','2025-11-23 02:09:31'),(173689,'790968','2025-11-23 02:08:37'),(173689,'795691','2025-11-23 02:09:39'),(173689,'807734','2025-11-23 02:09:05'),(173689,'814865','2025-11-23 02:08:22'),(173689,'817271','2025-11-23 02:08:31'),(173689,'820955','2025-11-23 02:09:35'),(173689,'822001','2025-11-23 02:09:21'),(173689,'823835','2025-11-23 02:09:07'),(173689,'825948','2025-11-23 02:09:37'),(173689,'832034','2025-11-23 02:08:33'),(173689,'837240','2025-11-23 02:08:32'),(173689,'842140','2025-11-23 02:08:27'),(173689,'853024','2025-11-23 02:08:34'),(173689,'855270','2025-11-23 02:09:14'),(173689,'865988','2025-11-23 02:09:06'),(173689,'868196','2025-11-23 02:08:46'),(173689,'871355','2025-11-23 02:08:55'),(173689,'875429','2025-11-23 02:08:57'),(173689,'881878','2025-11-23 02:09:08'),(173689,'942360','2025-11-23 02:09:22'),(173689,'945276','2025-11-23 02:08:52'),(173689,'955637','2025-11-23 02:09:49'),(173689,'956085','2025-11-23 02:09:30'),(173689,'960152','2025-11-23 02:08:40'),(173689,'962516','2025-11-23 02:08:47'),(173689,'963494','2025-11-23 02:08:29'),(173689,'965617','2025-11-23 02:08:35'),(173689,'982281','2025-11-23 02:09:12'),(173689,'982297','2025-11-23 02:08:26'),(173689,'983353','2025-11-23 02:08:49'),(173689,'983865','2025-11-23 02:08:48'),(173689,'984935','2025-11-23 02:09:24'),(173689,'985301','2025-11-23 02:09:02'),(173689,'985643','2025-11-23 02:09:09'),(173689,'992879','2025-11-23 02:08:30'),(174201,'1006970','2025-11-23 02:11:44'),(174201,'1009330','2025-11-23 02:12:08'),(174201,'1012455','2025-11-23 02:12:24'),(174201,'1012975','2025-11-23 02:12:36'),(174201,'1019848','2025-11-23 02:12:37'),(174201,'1020000','2025-11-23 02:11:32'),(174201,'1021128','2025-11-23 02:12:25'),(174201,'1022638','2025-11-23 02:12:22'),(174201,'1030995','2025-11-23 02:11:56'),(174201,'1038316','2025-11-23 02:11:51'),(174201,'1040048','2025-11-23 02:11:59'),(174201,'1047096','2025-11-23 02:12:04'),(174201,'1049661','2025-11-23 02:12:06'),(174201,'1050840','2025-11-23 02:11:43'),(174201,'1115508','2025-11-23 02:12:26'),(174201,'1293782','2025-11-23 02:11:43'),(174201,'2358476','2025-11-23 02:12:43'),(174201,'2359545','2025-11-23 02:12:42'),(174201,'2641791','2025-11-23 02:12:10'),(174201,'2660994','2025-11-23 02:12:17'),(174201,'314182','2025-11-23 02:12:07'),(174201,'335600','2025-11-23 02:12:01'),(174201,'429025','2025-11-23 02:11:53'),(174201,'459052','2025-11-23 02:12:35'),(174201,'459158','2025-11-23 02:12:19'),(174201,'496829','2025-11-23 02:12:34'),(174201,'503525','2025-11-23 02:11:37'),(174201,'522035','2025-11-23 02:12:40'),(174201,'566277','2025-11-23 02:11:45'),(174201,'592645','2025-11-23 02:12:28'),(174201,'603945','2025-11-23 02:11:42'),(174201,'681373','2025-11-23 02:12:03'),(174201,'689392','2025-11-23 02:12:23'),(174201,'689963','2025-11-23 02:12:32'),(174201,'690142','2025-11-23 02:11:47'),(174201,'698670','2025-11-23 02:11:55'),(174201,'698959','2025-11-23 02:11:53'),(174201,'711590','2025-11-23 02:12:33'),(174201,'720736','2025-11-23 02:12:21'),(174201,'748518','2025-11-23 02:11:36'),(174201,'751948','2025-11-23 02:11:38'),(174201,'793498','2025-11-23 02:12:18'),(174201,'803616','2025-11-23 02:12:00'),(174201,'805915','2025-11-23 02:12:09'),(174201,'808113','2025-11-23 02:11:58'),(174201,'808865','2025-11-23 02:12:05'),(174201,'818123','2025-11-23 02:11:30'),(174201,'818224','2025-11-23 02:11:52'),(174201,'818620','2025-11-23 02:12:26'),(174201,'822017','2025-11-23 02:12:20'),(174201,'824299','2025-11-23 02:12:30'),(174201,'827044','2025-11-23 02:12:37'),(174201,'830550','2025-11-23 02:12:02'),(174201,'830642','2025-11-23 02:11:31'),(174201,'832034','2025-11-23 02:11:34'),(174201,'853952','2025-11-23 02:11:40'),(174201,'859579','2025-11-23 02:11:48'),(174201,'862186','2025-11-23 02:12:44'),(174201,'865077','2025-11-23 02:11:35'),(174201,'865988','2025-11-23 02:12:16'),(174201,'866501','2025-11-23 02:11:54'),(174201,'872284','2025-11-23 02:12:31'),(174201,'872374','2025-11-23 02:12:27'),(174201,'873481','2025-11-23 02:11:57'),(174201,'879738','2025-11-23 02:11:39'),(174201,'881126','2025-11-23 02:12:29'),(174201,'881591','2025-11-23 02:12:45'),(174201,'893073','2025-11-23 02:12:39'),(174201,'938281','2025-11-23 02:12:41'),(174201,'952466','2025-11-23 02:11:49'),(174201,'957307','2025-11-23 02:11:30'),(174201,'963494','2025-11-23 02:11:33'),(174201,'965173','2025-11-23 02:12:38'),(174201,'983865','2025-11-23 02:11:50'),(174201,'984482','2025-11-23 02:11:46'),(174201,'985301','2025-11-23 02:12:07'),(174201,'986210','2025-11-23 02:11:41'),(174404,'1006340','2025-11-23 02:10:30'),(174404,'1006970','2025-11-23 02:10:21'),(174404,'1009330','2025-11-23 02:10:44'),(174404,'1012975','2025-11-23 02:11:19'),(174404,'1017295','2025-11-23 02:10:52'),(174404,'1022638','2025-11-23 02:10:53'),(174404,'1023347','2025-11-23 02:11:22'),(174404,'1023349','2025-11-23 02:10:01'),(174404,'1023594','2025-11-23 02:10:20'),(174404,'1028267','2025-11-23 02:11:03'),(174404,'1036469','2025-11-23 02:10:10'),(174404,'1037666','2025-11-23 02:10:43'),(174404,'1042606','2025-11-23 02:10:59'),(174404,'1046554','2025-11-23 02:09:55'),(174404,'1048018','2025-11-23 02:10:34'),(174404,'1049661','2025-11-23 02:10:41'),(174404,'1050057','2025-11-23 02:11:14'),(174404,'1050348','2025-11-23 02:10:55'),(174404,'1050840','2025-11-23 02:10:18'),(174404,'1054413','2025-11-23 02:11:09'),(174404,'1097062','2025-11-23 02:10:04'),(174404,'1115508','2025-11-23 02:11:04'),(174404,'1293782','2025-11-23 02:10:19'),(174404,'150695','2025-11-23 02:10:23'),(174404,'189331','2025-11-23 02:10:46'),(174404,'2359718','2025-11-23 02:09:57'),(174404,'2503999','2025-11-23 02:11:24'),(174404,'425751','2025-11-23 02:11:25'),(174404,'431198','2025-11-23 02:11:08'),(174404,'437636','2025-11-23 02:09:53'),(174404,'456139','2025-11-23 02:11:17'),(174404,'466480','2025-11-23 02:11:26'),(174404,'478792','2025-11-23 02:10:31'),(174404,'503139','2025-11-23 02:10:51'),(174404,'567437','2025-11-23 02:10:27'),(174404,'567623','2025-11-23 02:10:57'),(174404,'588804','2025-11-23 02:11:13'),(174404,'596834','2025-11-23 02:11:11'),(174404,'600006','2025-11-23 02:11:23'),(174404,'605130','2025-11-23 02:10:02'),(174404,'620539','2025-11-23 02:11:05'),(174404,'630218','2025-11-23 02:10:25'),(174404,'6309','2025-11-23 02:10:20'),(174404,'635286','2025-11-23 02:10:28'),(174404,'642170','2025-11-23 02:11:06'),(174404,'647234','2025-11-23 02:10:48'),(174404,'656561','2025-11-23 02:10:39'),(174404,'658471','2025-11-23 02:10:16'),(174404,'665724','2025-11-23 02:11:16'),(174404,'669002','2025-11-23 02:10:49'),(174404,'680886','2025-11-23 02:10:38'),(174404,'681514','2025-11-23 02:10:33'),(174404,'682156','2025-11-23 02:10:12'),(174404,'685009','2025-11-23 02:10:58'),(174404,'693032','2025-11-23 02:10:16'),(174404,'698670','2025-11-23 02:10:32'),(174404,'730863','2025-11-23 02:11:12'),(174404,'76231','2025-11-23 02:10:38'),(174404,'767982','2025-11-23 02:09:59'),(174404,'805345','2025-11-23 02:10:37'),(174404,'809825','2025-11-23 02:11:21'),(174404,'818717','2025-11-23 02:11:02'),(174404,'822179','2025-11-23 02:11:01'),(174404,'822425','2025-11-23 02:10:49'),(174404,'826132','2025-11-23 02:11:20'),(174404,'828158','2025-11-23 02:10:22'),(174404,'828504','2025-11-23 02:10:11'),(174404,'830642','2025-11-23 02:09:54'),(174404,'832034','2025-11-23 02:10:06'),(174404,'842140','2025-11-23 02:10:00'),(174404,'842332','2025-11-23 02:11:15'),(174404,'850688','2025-11-23 02:10:56'),(174404,'850759','2025-11-23 02:10:35'),(174404,'853770','2025-11-23 02:10:13'),(174404,'855270','2025-11-23 02:10:50'),(174404,'859579','2025-11-23 02:10:26'),(174404,'862051','2025-11-23 02:10:24'),(174404,'862144','2025-11-23 02:10:08'),(174404,'862163','2025-11-23 02:11:10'),(174404,'862709','2025-11-23 02:10:45'),(174404,'864068','2025-11-23 02:09:56'),(174404,'865077','2025-11-23 02:10:07'),(174404,'871922','2025-11-23 02:10:30'),(174404,'873481','2025-11-23 02:10:36'),(174404,'878653','2025-11-23 02:11:00'),(174404,'879738','2025-11-23 02:10:08'),(174404,'879783','2025-11-23 02:09:56'),(174404,'881126','2025-11-23 02:11:10'),(174404,'904669','2025-11-23 02:11:18'),(174404,'942360','2025-11-23 02:10:58'),(174404,'943139','2025-11-23 02:10:47'),(174404,'950985','2025-11-23 02:10:40'),(174404,'960152','2025-11-23 02:10:14'),(174404,'965617','2025-11-23 02:10:09'),(174404,'983353','2025-11-23 02:10:29'),(174404,'983966','2025-11-23 02:11:07'),(174404,'985301','2025-11-23 02:10:42'),(174404,'986210','2025-11-23 02:10:15'),(174404,'987055','2025-11-23 02:10:54'),(425581,'832034','2025-11-23 02:23:10'),(615333,'832034','2025-11-23 02:23:25'),(650324,'832034','2025-11-23 02:23:26'),(654584,'832034','2025-11-23 02:23:07'),(683799,'832034','2025-11-23 02:23:13'),(743409,'832034','2025-11-23 02:23:08'),(758698,'832034','2025-11-23 02:23:12'),(780810,'658471','2025-11-23 02:23:17'),(780810,'814865','2025-11-23 02:23:16'),(780810,'825948','2025-11-23 02:23:18'),(780810,'832034','2025-11-23 02:23:16'),(785567,'658471','2025-11-23 02:23:22'),(785567,'814865','2025-11-23 02:23:21'),(785567,'825948','2025-11-23 02:23:23'),(785567,'832034','2025-11-23 02:23:21'),(787727,'1005954','2025-11-23 02:23:30'),(787727,'832034','2025-11-23 02:23:29'),(787727,'956085','2025-11-23 02:23:31'),(787727,'992879','2025-11-23 02:23:29');
/*!40000 ALTER TABLE `room_members` ENABLE KEYS */;
UNLOCK TABLES;

--
-- Table structure for table `rooms`
--

DROP TABLE IF EXISTS `rooms`;
/*!40101 SET @saved_cs_client     = @@character_set_client */;
/*!50503 SET character_set_client = utf8mb4 */;
CREATE TABLE `rooms` (
  `id` int NOT NULL AUTO_INCREMENT,
  `name` varchar(255) NOT NULL,
  `scope_id` varchar(50) DEFAULT NULL,
  `room_type` varchar(50) DEFAULT NULL,
  `is_system_generated` tinyint(1) NOT NULL DEFAULT '0',
  `created_by` varchar(255) DEFAULT NULL,
  `created_at` timestamp NULL DEFAULT CURRENT_TIMESTAMP,
  PRIMARY KEY (`id`),
  KEY `created_by` (`created_by`),
  CONSTRAINT `rooms_ibfk_1` FOREIGN KEY (`created_by`) REFERENCES `users` (`canvas_user_id`) ON DELETE SET NULL
) ENGINE=InnoDB AUTO_INCREMENT=787728 DEFAULT CHARSET=utf8mb4 COLLATE=utf8mb4_0900_ai_ci;
/*!40101 SET character_set_client = @saved_cs_client */;

--
-- Dumping data for table `rooms`
--

LOCK TABLES `rooms` WRITE;
/*!40000 ALTER TABLE `rooms` DISABLE KEYS */;
INSERT INTO `rooms` VALUES (25117,'makerspace UBCO',NULL,NULL,1,NULL,'2025-11-23 02:14:10'),(72203,'Using UBC Okanagan Library for Research',NULL,NULL,1,NULL,'2025-11-23 02:21:25'),(114568,'PHYS 111 Labs 2022W1',NULL,NULL,1,NULL,'2025-11-23 02:15:51'),(139130,'PHYS 121 Labs 2023W2',NULL,NULL,1,NULL,'2025-11-23 02:17:27'),(162335,'UBCO Engineering Team Leadership 2025-26',NULL,NULL,1,NULL,'2025-11-23 02:20:14'),(162336,'UBCO Designing for Everyone 2025-26',NULL,NULL,1,NULL,'2025-11-23 02:19:04'),(173335,'COSC_O 421 COSC_O 521 101 2025W1 Network Science',NULL,NULL,1,NULL,'2025-11-23 02:12:45'),(173488,'COSC_O 305 101 2025W1 Project Management',NULL,NULL,1,NULL,'2025-11-23 01:55:24'),(173689,'COSC_O 310 001 2025W1 Software Engineering',NULL,NULL,1,NULL,'2025-11-23 02:08:17'),(174201,'COSC_O 344 101 2025W1 Image Processing and Applications',NULL,NULL,1,NULL,'2025-11-23 02:11:26'),(174404,'COSC_O 328 001 2025W1 Introduction to Networks',NULL,NULL,1,NULL,'2025-11-23 02:09:49'),(425581,'Ally\'s Community',NULL,NULL,1,NULL,'2025-11-23 02:23:09'),(615333,'L2P',NULL,NULL,1,NULL,'2025-11-23 02:23:23'),(650324,'Lab Section 2 - Project 5',NULL,NULL,1,NULL,'2025-11-23 02:23:25'),(654584,' Lab Section 2 - Project 3',NULL,NULL,1,NULL,'2025-11-23 02:23:05'),(683799,'L02',NULL,NULL,1,NULL,'2025-11-23 02:23:12'),(743409,'A3',NULL,NULL,1,NULL,'2025-11-23 02:23:07'),(758698,'Group 13',NULL,NULL,1,NULL,'2025-11-23 02:23:10'),(780810,'L03_SpringBears',NULL,NULL,1,NULL,'2025-11-23 02:23:14'),(785567,'L03_SpringBears',NULL,NULL,1,NULL,'2025-11-23 02:23:19'),(787727,'Null Pointers',NULL,NULL,1,NULL,'2025-11-23 02:23:27');
/*!40000 ALTER TABLE `rooms` ENABLE KEYS */;
UNLOCK TABLES;

--
-- Table structure for table `session_tokens`
--

DROP TABLE IF EXISTS `session_tokens`;
/*!40101 SET @saved_cs_client     = @@character_set_client */;
/*!50503 SET character_set_client = utf8mb4 */;
CREATE TABLE `session_tokens` (
  `id` int NOT NULL AUTO_INCREMENT,
  `user_id` varchar(255) NOT NULL,
  `token_hash` varchar(255) NOT NULL,
  `expires_at` timestamp NOT NULL,
  `created_at` timestamp NULL DEFAULT CURRENT_TIMESTAMP,
  PRIMARY KEY (`id`),
  UNIQUE KEY `token_hash` (`token_hash`),
  KEY `user_id` (`user_id`),
  CONSTRAINT `session_tokens_ibfk_1` FOREIGN KEY (`user_id`) REFERENCES `users` (`canvas_user_id`) ON DELETE CASCADE
) ENGINE=InnoDB AUTO_INCREMENT=9 DEFAULT CHARSET=utf8mb4 COLLATE=utf8mb4_0900_ai_ci;
/*!40101 SET character_set_client = @saved_cs_client */;

--
-- Dumping data for table `session_tokens`
--

LOCK TABLES `session_tokens` WRITE;
/*!40000 ALTER TABLE `session_tokens` DISABLE KEYS */;
INSERT INTO `session_tokens` VALUES (1,'112240000000832034','0f50c692604cfc895be993b81bd164549bbb095989021430f9df7f272c6d25a9','2025-11-24 00:45:20','2025-11-23 00:45:20'),(2,'112240000000832034','4182b5e1e9cc5a9ccff2ba7fed75ac01626ea10cfd2f0a863f4451b20572728e','2025-11-24 01:10:27','2025-11-23 01:10:28'),(3,'112240000000832034','ff7bd33f62aca9a6abd23d1c36a7e299cc0bde67418ac86b52744fa1d50ebbcb','2025-11-24 01:44:41','2025-11-23 01:44:41'),(4,'832034','5a4ab2def18e3efeaae0c70214633fd3e83347a27ddebb874313547f714e4c97','2025-11-24 01:46:54','2025-11-23 01:46:54'),(5,'832034','1e281ac278f77d8aadfea890b938d9ab98896b33cb3d05867dc50fe9a4005399','2025-11-24 01:52:49','2025-11-23 01:52:50'),(6,'832034','4900f4a08e25369c89f2e014ee3c45a5331159f441beefd94d8cf814c0677aa5','2025-11-24 01:55:23','2025-11-23 01:55:23'),(7,'832034','2c42dcb80c66a44f4db25cf2bd73b88382a01705801f23c64487dfa7f77e5424','2025-11-24 02:06:01','2025-11-23 02:06:01'),(8,'832034','d538e6412c77cb5165e36613188f30f4ef639faca7c4cd33e0edd2b3af58c27b','2025-11-24 02:06:48','2025-11-23 02:06:49');
/*!40000 ALTER TABLE `session_tokens` ENABLE KEYS */;
UNLOCK TABLES;

--
-- Table structure for table `users`
--

DROP TABLE IF EXISTS `users`;
/*!40101 SET @saved_cs_client     = @@character_set_client */;
/*!50503 SET character_set_client = utf8mb4 */;
CREATE TABLE `users` (
  `canvas_user_id` varchar(255) NOT NULL,
  `name` varchar(255) DEFAULT NULL,
  `role` enum('student','teacher','staff','admin') DEFAULT 'student',
  PRIMARY KEY (`canvas_user_id`)
) ENGINE=InnoDB DEFAULT CHARSET=utf8mb4 COLLATE=utf8mb4_0900_ai_ci;
/*!40101 SET character_set_client = @saved_cs_client */;

--
-- Dumping data for table `users`
--

LOCK TABLES `users` WRITE;
/*!40000 ALTER TABLE `users` DISABLE KEYS */;
INSERT INTO `users` VALUES ('1000711','Hakim Rashid','student'),('1001108','Adriana Haws','student'),('1002077','Fraser Muller','student'),('1003366','Ayden Hutchings','student'),('1003422','Jake Aimoe-Mounsey','student'),('1004736','Nathaniel Arterberry','student'),('1005124','Ryan Adib','student'),('1005310','Eric Villeneuve','student'),('1005911','Selin Aksezgin','student'),('1005954','Evan Bowness','student'),('1006340','Devin Huang','student'),('1006517','Beab Yifrashewa','student'),('1006702','Joseph Mondelli','student'),('1006970','Timmi Draper','student'),('1007074','Jordyn Campen','student'),('1007464','Rhodri Johannson-Miller','student'),('1009330','Zhenyu Li','student'),('1011058','Linda Dong','student'),('1011399','Owen Strolle','student'),('1012455','Daniel Ogundare','student'),('1012975','Edgar Sipayung','student'),('1013032','Karan Jangra','student'),('1013709','Wallace Ma','student'),('1013919','Evan March','student'),('1015588','Faisal Al Abri','student'),('1016207','Gabe Fioravanti','student'),('1016208','Gabriel Unigwe','student'),('1016242','Jacob Leathem','student'),('1016593','Michael Montgomery','student'),('1017295','Julian Mohamed','student'),('1017588','Kate Alcantara','student'),('1017754','Jordan Albiston','student'),('1019013','Jaedyn Denroche','student'),('1019138','Olivia Bagnall','student'),('1019742','William Clarkson','student'),('1019848','Albert Sun','student'),('1020000','Estella Arnott','student'),('1021128','Al-Ameen Oludare','student'),('1021385','Danielle Mackay','student'),('1022638','Prashaant Mudgala','student'),('1022881','Saiesha Aggarwal','student'),('1023347','Su Thwe','student'),('1023349','Ye Aung','student'),('1023594','Vinay Dhillon','student'),('1024105','Akiko Honda','student'),('1024360','Aman Ullah Waseem','student'),('1024901','Hugo Accad','student'),('1025084','Max Fang-Weeden','student'),('1025985','Cohen Kucher','student'),('1026122','Viktoria Kaleta','student'),('1026306','Peak Dangrungroj','student'),('1027257','Cleina Marquez','student'),('1027409','Onyx Cheyne','student'),('1028234','Abdul ALHAMWI','student'),('1028267','Janaki Putheth','student'),('1028484','Logan Rasmuson','student'),('1030449','Jones Cardoso','student'),('1030726','Dylan Alexander','student'),('1030995','Brenden Jones','student'),('1031251','Mattea Ledda','student'),('1031930','Saion Adame','student'),('1034871','Viggo Henrichsen','student'),('1036419','Amna Al-Bader','student'),('1036443','Anna Shewchenko','student'),('1036469','Armaan Cheema','student'),('1037666','Khushi Lakshmi Kishan','student'),('1037708','Xingran Ma','student'),('1038316','Nuray Hasanova','student'),('1040048','Eleonora Ansella Kartono','student'),('1040096','Sadie Boyer','student'),('1040127','Aries Butlin','student'),('1040389','Harnoor Singh Chhabra','student'),('1041298','Bryson Helmer','student'),('1041480','Chad Glazier','student'),('1041490','Gulsher Assad','student'),('1041887','Pietro Lins De Franco Andreo','student'),('1042188','Harkirat Chahal','student'),('1042418','Jordan Lovell','student'),('1042547','Noor Al-Hayali','student'),('1042606','Keir Parnitzke','student'),('1042773','Krish Movaliya','student'),('1042806','Mateo Bravo','student'),('1043287','Maya Al-Hayali','student'),('1043592','Trey Major','student'),('1043754','Zander Holoboff','student'),('1045910','Caidy Abbott','student'),('1046223','Kai Geismayr','student'),('1046554','Sultan Aldeiro','student'),('1047096','Kithe Kisia','student'),('1047728','Dante Di Schiavi','student'),('1048018','Qiran Jiao','student'),('1048553','Connor Albert','student'),('1049661','Mia Kuang','student'),('1050057','Matthew Sellepack','student'),('1050348','Abdullah Mohsin Naqvi','student'),('1050382','Courtney Allen','student'),('1050706','Nidhi Kanetkar','student'),('1050720','Owen Plumb','student'),('1050840','Rares David','student'),('1050875','Shannon Johnston','student'),('1052881','Carmene Beningoga','student'),('1054413','Dan Rukundo','student'),('1057111','Frank Williams','student'),('1057995','Erkhtuguldur Iderbat','student'),('1062648','Leahna Afseth','student'),('106901','Madelyn DeGruchy','student'),('107424','Aman Jain Aman','student'),('1097062','Aditi Bajaj','student'),('1099579','Laura McKeel Viciana','student'),('1099802','Tanhab Sarker','student'),('1100768','Sofia Locke','student'),('1101436','Marcus Abrenica','student'),('1101767','Virgil Abou-Mechrek','student'),('1105716','Olutayo Akere','student'),('1105856','Shuchen Yuan','student'),('1108551','Lexi Loudiadis','student'),('1108974','Jasmine Demmy','student'),('1109490','Carolyn Collins','student'),('1109779','Lamia Abdullah','student'),('1109785','Mai Adachi','student'),('1109824','Solaf Al-Juhani','student'),('1109923','Ella Feldes','student'),('1109946','Benn Jethro Sia','student'),('1110058','Andre-Anne Forbes','student'),('1110114','Trynity Addley','student'),('1110139','Sofia Aiello','student'),('1110167','Eli Adamson','student'),('1110191','Meadow Alberts','student'),('1113317','Dawson Deweerd','student'),('111353','Adnan Ahmed','student'),('1114827','Hawakulu Dangana','student'),('1115212','Ahab Siddiqui','student'),('1115220','Hasan Mohammad','student'),('1115508','Ashton Raber','student'),('1117504','Jakob Amann','student'),('1118813','Lara Boljuncic','student'),('1119031','Sama Mohamed','student'),('1119133','Keira Page','student'),('1119155','Majid Alkhatib','student'),('1119311','Amara Abarikwu','student'),('1119330','Emma Cunningham','student'),('1119338','Kimi Al-Qawasmeh','student'),('1119501','Lion Alaji','student'),('1119581','Michael Adarkwah-Nti','student'),('1119601','Alexander Adamson','student'),('1119801','Tasha Godin','student'),('1120286','Emon Sarker','student'),('1121636','Nouf Aljasim','student'),('112240000000832034','Graeme Beniston Bradford','student'),('1122494','SHAHED AL YASEEN ALKHANI','student'),('116048','Matthias Jenne','student'),('118822','Ariel Abidogun','student'),('125013','Salman Ahmad','student'),('1289099','Laura Quiroga','student'),('1290038','Carmela Akol','student'),('1291334','Fable Ahlijah','student'),('1293782','Joel deHoog','student'),('130820','Waqar Ahmed','student'),('131007','Cara Alscher','student'),('133675','Cody Deleurme','student'),('134609','Wale Akanni','student'),('136102','Daryus Ahmed','student'),('140633','Mahshid Alinoori','student'),('141062','Jake Bobowski','student'),('150408','Manavi Garg','student'),('150695','Scott Fazackerley','student'),('1532061','Mark Liu','student'),('167214','Al Ayham Al Jawamis','student'),('174231','Raghav Agarwal','student'),('187848','Thomas Allan','student'),('189331','Talon Lusk','student'),('211498','Brian Del Carpio Farfan','student'),('230746','Fahad Aljahlan','student'),('2358476','Pinjing Xu','student'),('2359545','Dan Williams','student'),('2359718','Hamza Muhammad Anwar','student'),('2363055','Jobanpreet Singh','student'),('2363543','Ava Adams','student'),('236482','Tariq Al Otaibi','student'),('2364955','Mahmoud Soliman','student'),('2387824','Abhishek Krishnan','student'),('2389708','Yijun Zhang','student'),('239931','Brad Cocar','student'),('2502954','Sabrina Alam','student'),('2503999','Margaret Tilley','student'),('2506984','Brynn Adam','student'),('2508136','Callie Affleck','student'),('2511541','Umme Afia','student'),('2512427','Damifola Alao','student'),('2516482','Ashton Aardema','student'),('252769','Vania Amadi','student'),('2528271','Alyssa Agno','student'),('2532500','Autumn Allen','student'),('2533178','Bella Agbebaku','student'),('2535369','Kenneth Alcantara','student'),('253622','Adamandia Glover','student'),('2538844','Arnav Amogh','student'),('2544226','Maham Ali Haider','student'),('2562522','Ella Abugov','student'),('256746','Patricia Lasserre','student'),('2567919','Hridik Agarwal','student'),('2568615','Alp Akyuz','student'),('2570349','Bryan Akangoziri','student'),('2577799','Manpreet Kaur','student'),('2582262','Somto Azubuike','student'),('261330','Anuradha Herath','student'),('263934','Isaac Kohler-Mergel','student'),('2641791','Runtong LIU','student'),('2643084','Jia Comas','student'),('2660994','Kuan Lu','student'),('273556','Quin Toyata','student'),('274172','Abdulla Alsawalhi','student'),('288191','Kieran Ackermann','student'),('290296','Ethan Wilson','student'),('292562','Haneen Abu-Hijleh','student'),('292628','Tanner Wright','student'),('295800','Ian Hards','student'),('297720','Santam Bhattacharya','student'),('29922','Jordan Andrews','student'),('314182','John Kwon','student'),('328724','Julianna Adams','student'),('330456','Rumy Akemu','student'),('335600','Jagjit Khaira','student'),('338407','Julia Lacasse','student'),('340483','Afua Frempong','student'),('350868','JunBum Ahn','student'),('357223','Jesse Alele','student'),('366219','Dina Alkharabsheh','student'),('367663','Adams Chen','student'),('368893','Connor Doman','student'),('382213','Obaidullah Ahmad','student'),('390632','Dominique Alexis','student'),('392024','Maria Alexopoulos','student'),('394644','Andrew Sheh','student'),('394992','Justin Allaire','student'),('396699','Henry Gunawan','student'),('41282','Rodrigo Lopez','student'),('416375','Anija Bhatnagar','student'),('416998','Sabine Alexander','student'),('419036','Jason Xu','student'),('422259','Axcan Alba Gonzalez','student'),('425751','Gabe Traas','student'),('428791','James Birnie','student'),('429025','Calvin Hepburn','student'),('431198','Nikola Rowe','student'),('431748','Duncan Rabenstein','student'),('437636','Aryan Agnihotri','student'),('448415','Sam Rampado','student'),('456139','Nikki Sidhu','student'),('456337','Bridgette Hunt','student'),('458537','Matthew Lawson','student'),('458657','Sinan Almis','student'),('459052','Vanshika Singla','student'),('459158','Samantha Maranda','student'),('459883','Yerdana Maulenbay','student'),('461116','Miles Deboer','student'),('462651','Jack Guo','student'),('462734','Andela Acic','student'),('464064','Sulman Ali','student'),('464504','KAAN APAYDIN','student'),('466480','Jordan Truong','student'),('467890','Kauthar Mahir Mohammed Al Maskari','student'),('468448','Justin Alain','student'),('468486','Eric Harrison','student'),('471078','Maaria Ahmad','student'),('471160','Mohammed Salim Mohammed Al-Maskari','student'),('471732','Grace Cornell','student'),('473441','Sasha Alfonso','student'),('474278','Sarah Adelaja','student'),('474672','Aaron Banerjee','student'),('475561','Isaiah Halliday','student'),('478792','Atahar Imtiaz','student'),('482055','Sukhdeep Kaur Brar','student'),('482859','Adam Fipke','student'),('4872','Kyran Allen','student'),('492022','Anas Alhamdan','student'),('495610','Mohammadreza Aghel','student'),('496829','Ojus Sharma','student'),('503139','Nariman Milanfar','student'),('503525','Riley Bolen','student'),('503654','Jeel Patel','student'),('507128','Ali Afoud','student'),('509831','Mitro Alathur','student'),('518894','Noah Dore','student'),('520310','Colton Kovacs','student'),('520885','Francisco Elizarraras','student'),('521372','Benjamin van Hattem','student'),('521735','Erfan Kazemi','student'),('522035','Haoyu Wang','student'),('523078','Julian Alviento','student'),('525024','Andreas Hoffbauer','student'),('538166','Ee-Han Godfrey','student'),('542653','Abdullah Alkaf','student'),('549429','John Adegbonmire','student'),('564649','Yuki Isomura','student'),('56473','Nafis Adnan','student'),('566277','Shan Du','student'),('567437','Aaditya Golash','student'),('567623','Nelson Ngumo','student'),('568243','Grant Topor','student'),('572032','Sara Srinivasan','student'),('588804','Maria Sato','student'),('592645','Mithish Ravisankar Geetha','student'),('594553','Caden Lee','student'),('596834','Muskaan Sandhu','student'),('599709','Germain So','student'),('600006','Eddy Tian','student'),('601166','Alison Siddon','student'),('602792','Jesse Staples','student'),('603919','Abdul Faiz','student'),('603945','Sebastian Csizmazia','student'),('604443','Jamal Amin','student'),('604750','Zayd Amin','student'),('604947','Nathan Worth','student'),('605068','Aarav Gosalia','student'),('605130','Adam Badry','student'),('60547','Mitchell Alexander','student'),('606533','Saketh Anand','student'),('606648','Andre Abela','student'),('606834','jasper chiu','student'),('609953','Lara Abdel Majid','student'),('610195','Sophia Berti','student'),('613511','Ervin Acosta','student'),('614327','Saiya Gill','student'),('619232','Sachin Ajit Kumar','student'),('619906','Abijeet Dhillon','student'),('620539','saafi rahman','student'),('621476','Leandro Chan Siqueira','student'),('621704','Mpho Rambau','student'),('622290','Isabella Mendoza','student'),('625487','Ryan Pitre','student'),('626119','Dante Bertolutti','student'),('627880','Ayumi Khodarahmi','student'),('628217','Kaia Gron','student'),('629008','Mack Bourne','student'),('629597','Adrita Ahmed','student'),('630218','Kai Gehry','student'),('6309','Amrit Dhaliwal','student'),('631572','An Nguyen','student'),('631709','Arlene Bassi','student'),('631866','Baljot Mann','student'),('632877','Kassia Agboka','student'),('635286','Samarth Grover','student'),('636161','Diego Glanz','student'),('637798','Aidan Elliott','student'),('640538','Farid Alakbarov','student'),('642170','Mackenzie Richards','student'),('645124','Liam Ovstaas','student'),('647234','Jonah Marvin','student'),('647489','Francisco Rubio-Bocangel','student'),('648255','Amer Alhamwi','student'),('649495','Amro Ahmed','student'),('650466','Grisha Grigoryan','student'),('6526','Scott An','student'),('654456','Ciana Dawydiuk-Clozza','student'),('656327','Bernie Flexer','student'),('656561','Ammaar Khan','student'),('658222','Gordon Zheng','student'),('658471','Lakshay Dang','student'),('661056','Will Kwan','student'),('662749','Theresa Fatokun','student'),('663681','Adam Aboualy','student'),('665724','Ribhav Sharma','student'),('666567','Avneet Dhillon','student'),('667280','Ruoyan Xu','student'),('669002','Kyle McLeod','student'),('669074','Nat Scott','student'),('669265','Ishaan Singh Yadav','student'),('672135','Anshita Agarwal','student'),('674676','Afnan Abedine','student'),('674808','Felix Perron','student'),('6752','Kanika Chera','student'),('675601','Cejay Adkins','student'),('675913','Dhruv Bhardwaj','student'),('675977','Ivona Nicetin','student'),('676340','Marissa Brunetti','student'),('679443','Matias Aalhus','student'),('680169','Jason Agbebaku','student'),('680210','Aiden Ballantyne','student'),('680749','Addy Addy','student'),('680886','Artem Khachaturov','student'),('681373','Sparsh Khanna','student'),('681514','Karim Jassani','student'),('682156','TianXing Chen','student'),('6835','Gregory Allan','student'),('684076','Ardra Gopakumar','student'),('685009','Regan nguyen','student'),('689392','Toby Nguyen','student'),('689963','Pratham Shah','student'),('690142','Mahi Gangal','student'),('690529','Nabeel Ali','student'),('691619','Cole Robulack','student'),('693032','Tyler Cummings','student'),('693052','Aadil Shaji','student'),('693062','Samira Almuallim','student'),('696055','Sarthak Bodhale','student'),('698027','Divyesh Gurnani','student'),('698670','Samyak Jain','student'),('698959','Kaedyn Hindley','student'),('703012','Johee Yeom','student'),('703272','Sarthak Gangwani','student'),('703660','Zaynb Alkhafadi','student'),('703789','Coran McColm','student'),('704476','Simeng Lyu','student'),('705626','Anthony Alexis','student'),('705683','Zain Ali','student'),('707486','Sana Shah','student'),('707868','James Achuli','student'),('711393','Amira Ahmed','student'),('711590','Shlok Shah','student'),('715459','Brian Adeleye','student'),('715494','Ahmed Alghamdi','student'),('718534','Owen Kirk','student'),('720736','Om Mistry','student'),('721953','Tatum Adair','student'),('727483','Peter Szabo','student'),('72834','Von Acosta','student'),('728670','Henry Burns','student'),('728828','Dakota Bonvie','student'),('728895','Serena Chen','student'),('729184','Dylan Mathew','student'),('730648','Syed Aamir Ahmed','student'),('730863','Kussh Satija','student'),('731672','Matin Raoufi','student'),('738059','Heyve Ahmad','student'),('746931','Nicole Lofroth','student'),('747915','Aditya Goswami','student'),('748218','Mathew Bishop','student'),('748518','Nur Batrisyia Binti Zahrul Ali','student'),('751948','Levi Boswell','student'),('76231','Branden Kennedy','student'),('762951','Ifeoma Adaji','student'),('763373','Aakash Singh','student'),('767982','Alexander Argatoff','student'),('770724','Gema Rodriguez Perez','student'),('790968','Kelvin Chen','student'),('793498','Jasleen Maan','student'),('794793','Shenglong Chen','student'),('794844','Elijah Barnet','student'),('795691','Nico van Dolder','student'),('800600','Ethan Delicato','student'),('800819','Shuyu Yan','student'),('801132','Amelia Ackroyd','student'),('802266','Ethan Agno','student'),('803616','Dasam Kaur','student'),('805345','Nade Kang','student'),('805910','Abby Bulawka','student'),('805915','Idan Lisman','student'),('806070','Brandon Mar','student'),('806746','Meghan Ackerman','student'),('806888','Kudrat Brar','student'),('807117','Fis or Alex Akinlofa','student'),('807176','Sophia Campos','student'),('807734','Mason Liu','student'),('808113','Mohammad Kalam','student'),('808865','Maya Knutsvig','student'),('809825','Yuxuan Sun','student'),('810407','Josie McCarron','student'),('811940','Arnav Agrawal','student'),('812834','Geyser Amani','student'),('813425','Julia Adamson','student'),('813825','Bailey Borden','student'),('814804','Vu Huynh Ngo','student'),('814865','Olamipo Aderibigbe','student'),('816016','Milan Bertolutti','student'),('817271','Omkar Barkale','student'),('817674','Heidia Chan','student'),('818123','Anuk Ahangamgoda','student'),('818224','Keegan Heidt','student'),('818620','Evan Pasenau','student'),('818717','Cole Powrie','student'),('818977','Harminder Gill','student'),('820955','Spencer Stephen','student'),('821198','Sam Davani','student'),('821865','Nadeen Hamdona','student'),('822001','Kiana Nazembokaei','student'),('822017','Prina Mehta','student'),('822179','Kyle Porter','student'),('822214','Jose Alfonso','student'),('822222','Mark Armstrong','student'),('822425','Brett McKenzie','student'),('823137','Sven Annist','student'),('823190','Cole Berube','student'),('823533','Mateo Zane','student'),('823585','Shaleena Egdell','student'),('823619','Will Ellis-Kusy','student'),('823704','Jimi Ademola','student'),('823714','Cooper Ross','student'),('823835','Helin Long','student'),('824065','Aarav Singh Chhabra','student'),('824299','Leila Saparbek','student'),('824428','Tyra Rocha','student'),('824515','Sean Brent','student'),('824604','Thomas Craig','student'),('824655','Michael Adebiyi','student'),('825210','Keira McCoy','student'),('825281','Garv Aggarwal','student'),('825484','Andrea Agbebaku','student'),('825583','Davis Bone','student'),('825593','Tessa Mander','student'),('825948','Cain Tipton','student'),('826132','Branden Skoupas','student'),('826668','Enya Dange','student'),('827044','Daniel Sokic','student'),('827885','Asmaa Al Nahhas','student'),('828158','Christian Eziekwu','student'),('828504','Stephen Chen','student'),('828876','Anoop Gosal','student'),('829691','Danielle Aquino','student'),('830482','Masato Giffin','student'),('830550','Raunak Khanna','student'),('830551','Ravy Lock','student'),('830642','Tolu Akinwande','student'),('830749','Favour Aihobaku','student'),('831131','Soumil Chhabra','student'),('831640','Sammie Scully','student'),('832034','Graeme Beniston Bradford','student'),('836589','Zihuai Feng','student'),('837130','Jacob Folkerts','student'),('837240','Manaal Basha','student'),('837265','Mridul Nohria','student'),('837667','Fanbo Feng','student'),('837712','Misha Gavura','student'),('838617','Olivia Linton','student'),('838719','Maddie Altman','student'),('838733','Jiansh Aggarwal','student'),('839719','Marley Arden','student'),('839934','Gehao Cui','student'),('840989','Karanveer Sidhu','student'),('842140','Sofia Atilano Larios','student'),('842332','Ishaan Shaffir','student'),('842438','Hoc Nguyen','student'),('843595','Jerry Chen','student'),('8470','Taha Adam','student'),('850688','Tawana Ndlovu','student'),('850759','Saksham Joshi','student'),('851025','Logan Marshall','student'),('851844','Leanna Abar','student'),('853024','Graeme Brown','student'),('8537','Ahmed Ahmed','student'),('853722','Abdalla Abbas','student'),('853770','Zijian Chen','student'),('853952','Sithara Chari','student'),('854381','Bengi Agcal','student'),('854432','Keeran Naidu','student'),('855270','Gamu Mhere','student'),('855547','Jibril Abdirahman','student'),('856706','Patrick Agnimel','student'),('856711','Parsa Aminian','student'),('856763','Ronit Buti','student'),('856816','Joshua Achandy','student'),('856865','Naman Arora','student'),('857328','Avery Dennis','student'),('857629','Shaikha Qais Salim Al-Alawi','student'),('858389','Evlyn Alex','student'),('859579','Jessica Goel','student'),('85979','OJay Amedu','student'),('860148','Liam Storgaard','student'),('860474','Reid Birkeland','student'),('860674','Jackson Wilson','student'),('861062','Gillian Howe','student'),('861078','Teagan Urquhart','student'),('862051','Dichen Feng','student'),('862144','Morganne Byers','student'),('862163','Mandira Samarasekara','student'),('862186','Ziqiang Zhang','student'),('862345','Kendal Cabral','student'),('862709','Zhihang Li','student'),('862830','Mika Panagsagan','student'),('863740','Valentino Brasca','student'),('864068','Samuel Alexander','student'),('864534','Alexis Wong','student'),('864727','Johanes Panjaitan','student'),('864930','Vasiliki Alexakis','student'),('864995','Ziven Congdon','student'),('865077','Aliff Iman bin Abdul Razak','student'),('865488','Vavan Farizzaman','student'),('865988','Ben Loewen','student'),('866059','Zoya Allarakha','student'),('866501','Jinxi Hu','student'),('867083','Ali Akbar Alaydrus','student'),('867209','Luke Yin','student'),('867237','Sayda Abulimiti','student'),('868100','Abdulrahman Al-Digs','student'),('868196','Thanmay Gopal','student'),('868225','Mahatav Arora','student'),('868312','Larissa Alves da Rocha','student'),('868335','Phong Nguyen','student'),('868715','Sakshi Adhvaryu','student'),('869184','Lucas Xu','student'),('8692','Allan Alexander','student'),('869554','Brett Hardy','student'),('870158','Pranay Pandey','student'),('870637','Michael Chau','student'),('871102','Hao Chang','student'),('871355','Mishayl Jutt','student'),('871610','Kayla Joachim','student'),('871922','Tom Huang','student'),('871958','David Manhart','student'),('872284','Charlie Schwebius','student'),('872286','An Tran','student'),('872374','Ansh Rastogi','student'),('872750','Jeigh Van Calpito','student'),('873460','Nicole Bolleman','student'),('873481','Jaxson Kahl','student'),('874109','Adam Almahamid','student'),('87418','Pavni Agarwal','student'),('874406','Jovan Sohi','student'),('874779','Raad Sarker','student'),('875429','Harrison Kayihura','student'),('875464','Kiera Atkins','student'),('875643','Ian Downing','student'),('875851','Mihir Chitre','student'),('875963','Hyunwoo Kim','student'),('876126','Amaan Ahmad','student'),('876505','Apoorva Devarakonda','student'),('877191','Harjot Sahota','student'),('877327','Nisha Choudhary','student'),('877478','Fawziya Dewi','student'),('877722','Adeo Kodra','student'),('878559','Ellen Shinn','student'),('878620','Joshua Zhu','student'),('878627','Elkan Akemi','student'),('878653','Vlad Petrariu','student'),('878915','Daniel Agapov','student'),('879248','AbdulAziz ALHumaid','student'),('879738','Madiba Burks Magara','student'),('879783','Haider Ali','student'),('880158','Kshitij Gomber','student'),('880518','Tyler Thamer','student'),('880690','Imam Adnan','student'),('881126','Arjun Sampat','student'),('881311','Mohamed Gafar','student'),('881589','Montather Al-khafaji','student'),('881591','Michelle Zhou','student'),('881878','Nicholas Lookkin','student'),('882009','Istvan Carrillo','student'),('883489','Torin McMaster','student'),('884047','Luis Wen Luo','student'),('884874','Bennett Chang','student'),('885312','Alexander Davidov','student'),('885918','Julian Joaquin','student'),('889338','Hamid Al Mahri','student'),('892615','Sophie Ainsley','student'),('893073','Frank Wang','student'),('894067','Shruti Aima','student'),('8942','Isaac Alexander','student'),('894796','Izabella Caforio','student'),('896545','Ruth Ann Juneau','student'),('901172','Jillian Hepburn','student'),('903904','Abdullah Munir','student'),('904669','Harsamerveer Singh','student'),('9070','Paul Abidogun','student'),('910706','Du Pyo Park','student'),('913266','Travis Frank','student'),('913506','Mohammad Alboghobeish','student'),('9218','Daniel Adegborioye','student'),('9229','Abdullah Abusamak','student'),('9236','Shriya Agrawal','student'),('934216','Fikayo Adeleke','student'),('937436','Justin Li','student'),('938281','Immanuel Wiessler','student'),('938786','Jared Adams','student'),('940070','Anza Masianoga','student'),('941072','Kalysse Mantai','student'),('942203','Grace Dehnel','student'),('942360','Phuc Thinh Nguyen','student'),('943139','Puneet Maan','student'),('943352','Gilbert Middleton','student'),('943490','Leo Cabral','student'),('944712','Temi Aina','student'),('945276','Sam Iyogun','student'),('946106','Muhammad Aliyan','student'),('948264','Jonah Loewen','student'),('950985','Krish Khullar','student'),('951957','Kammy Kuang','student'),('952466','Eryk Halicki','student'),('952749','Nathan Hopkinson','student'),('95295','Paula Aguirre Bernal','student'),('953463','Syed Saad Ali','student'),('953473','Haoyang Gao','student'),('954081','Zeyuan Li','student'),('955153','Evan Leblanc','student'),('955637','Chanyee Yoon','student'),('956085','Patrick Rinn','student'),('957307','Fabiha Afifa','student'),('958783','Avery Aardema','student'),('960041','Daniel Bahel','student'),('960152','Camilla Cloutier','student'),('961675','Yuxuan Liu','student'),('961806','Tolu Adebayo','student'),('962516','Grayson Gosse','student'),('963494','Ehsan Babar','student'),('965173','Teppei Toyoda','student'),('965617','Sawyer Cairns','student'),('965633','Samuel Akinlusi','student'),('982160','Tanner Garman','student'),('982281','Mika McDermid','student'),('982297','Benedict Astan','student'),('982586','Prabhnoor Samra','student'),('983235','Joshua Ionce','student'),('983353','Ben Haydu','student'),('983865','Kaden Harris','student'),('983966','Shan Richards','student'),('984482','Temi Faji','student'),('984935','Olivier Parrott-Landry','student'),('985110','Ore Akinpade','student'),('985301','Natalie Kyei-Badu','student'),('985543','Bond Brown','student'),('985643','Nash Lovegren','student'),('986077','Bella Galloway','student'),('986195','Cohen Abbott','student'),('986210','Branson Crawford','student'),('986409','Salman Amin','student'),('986542','Reine Alaji','student'),('987055','Enock Mutabazi','student'),('987278','Cohen Van Kalsbeek','student'),('98814','Ryley Adam','student'),('991967','Shaikha Al Tayer','student'),('992879','Patrik Balazsy','student');
/*!40000 ALTER TABLE `users` ENABLE KEYS */;
UNLOCK TABLES;
SET @@SESSION.SQL_LOG_BIN = @MYSQLDUMP_TEMP_LOG_BIN;
/*!40103 SET TIME_ZONE=@OLD_TIME_ZONE */;

/*!40101 SET SQL_MODE=@OLD_SQL_MODE */;
/*!40014 SET FOREIGN_KEY_CHECKS=@OLD_FOREIGN_KEY_CHECKS */;
/*!40014 SET UNIQUE_CHECKS=@OLD_UNIQUE_CHECKS */;
/*!40101 SET CHARACTER_SET_CLIENT=@OLD_CHARACTER_SET_CLIENT */;
/*!40101 SET CHARACTER_SET_RESULTS=@OLD_CHARACTER_SET_RESULTS */;
/*!40101 SET COLLATION_CONNECTION=@OLD_COLLATION_CONNECTION */;
/*!40111 SET SQL_NOTES=@OLD_SQL_NOTES */;

-- Dump completed on 2025-11-22 20:00:45
